-- --------------------------------------------------------
-- Host:                         127.0.0.1
-- Versión del servidor:         10.4.27-MariaDB - mariadb.org binary distribution
-- SO del servidor:              Win64
-- HeidiSQL Versión:             12.3.0.6589
-- --------------------------------------------------------

/*!40101 SET @OLD_CHARACTER_SET_CLIENT=@@CHARACTER_SET_CLIENT */;
/*!40101 SET NAMES utf8 */;
/*!50503 SET NAMES utf8mb4 */;
/*!40103 SET @OLD_TIME_ZONE=@@TIME_ZONE */;
/*!40103 SET TIME_ZONE='+00:00' */;
/*!40014 SET @OLD_FOREIGN_KEY_CHECKS=@@FOREIGN_KEY_CHECKS, FOREIGN_KEY_CHECKS=0 */;
/*!40101 SET @OLD_SQL_MODE=@@SQL_MODE, SQL_MODE='NO_AUTO_VALUE_ON_ZERO' */;
/*!40111 SET @OLD_SQL_NOTES=@@SQL_NOTES, SQL_NOTES=0 */;

-- Volcando estructura para tabla cvm.administrativos
CREATE TABLE IF NOT EXISTS `administrativos` (
  `id` int(11) NOT NULL AUTO_INCREMENT,
  `nombre` varchar(50) DEFAULT NULL,
  `apellido` varchar(50) DEFAULT NULL,
  `cedula` varchar(50) DEFAULT NULL,
  `telf_movil` varchar(50) DEFAULT NULL,
  `email` varchar(50) DEFAULT NULL,
  `direccion` varchar(50) DEFAULT NULL,
  `nivel_instruccion` enum('N','B','U') DEFAULT NULL,
  `id_usuarios` int(11) DEFAULT NULL,
  `estatus` enum('Y','N') DEFAULT NULL,
  KEY `Índice 1` (`id`) USING BTREE
) ENGINE=InnoDB AUTO_INCREMENT=2 DEFAULT CHARSET=utf8 COLLATE=utf8_unicode_ci ROW_FORMAT=DYNAMIC;

-- Volcando datos para la tabla cvm.administrativos: ~1 rows (aproximadamente)
INSERT INTO `administrativos` (`id`, `nombre`, `apellido`, `cedula`, `telf_movil`, `email`, `direccion`, `nivel_instruccion`, `id_usuarios`, `estatus`) VALUES
	(1, 'Angello', 'Duran', '25463404', '4247110785', 'angelloprogramador@gmail.com', 'la castra', 'U', 1, 'Y');

-- Volcando estructura para tabla cvm.asigancion_docente
CREATE TABLE IF NOT EXISTS `asigancion_docente` (
  `id` int(11) NOT NULL AUTO_INCREMENT,
  `id_docentes_secciones` int(11) DEFAULT NULL,
  `id_docentes_materias` int(11) DEFAULT NULL,
  `id_grado` int(11) DEFAULT NULL,
  KEY `Índice 1` (`id`)
) ENGINE=InnoDB DEFAULT CHARSET=utf8 COLLATE=utf8_unicode_ci;

-- Volcando datos para la tabla cvm.asigancion_docente: ~0 rows (aproximadamente)

-- Volcando estructura para tabla cvm.asistencias
CREATE TABLE IF NOT EXISTS `asistencias` (
  `id` int(11) DEFAULT NULL,
  `asistente` enum('Y','N') DEFAULT NULL,
  `fecha` date DEFAULT NULL,
  `id_materia` int(11) DEFAULT NULL,
  `id_estudiante` int(11) DEFAULT NULL
) ENGINE=InnoDB DEFAULT CHARSET=utf8mb4 COLLATE=utf8mb4_unicode_ci;

-- Volcando datos para la tabla cvm.asistencias: ~0 rows (aproximadamente)

-- Volcando estructura para tabla cvm.boletines
CREATE TABLE IF NOT EXISTS `boletines` (
  `id` int(11) NOT NULL AUTO_INCREMENT,
  `nota_final` int(11) DEFAULT NULL,
  `id_periodo` int(11) DEFAULT NULL,
  `id_materia` int(11) DEFAULT NULL,
  `id_lapso` int(11) DEFAULT NULL,
  `id_estudiante` int(11) DEFAULT NULL,
  KEY `Índice 1` (`id`)
) ENGINE=InnoDB DEFAULT CHARSET=utf8 COLLATE=utf8_unicode_ci;

-- Volcando datos para la tabla cvm.boletines: ~0 rows (aproximadamente)

-- Volcando estructura para tabla cvm.ciudades
CREATE TABLE IF NOT EXISTS `ciudades` (
  `id_ciudad` int(11) NOT NULL AUTO_INCREMENT,
  `id_estado` int(11) NOT NULL,
  `ciudad` varchar(200) NOT NULL,
  `capital` tinyint(1) NOT NULL DEFAULT 0,
  PRIMARY KEY (`id_ciudad`),
  KEY `id_estado` (`id_estado`),
  CONSTRAINT `ciudades_ibfk_1` FOREIGN KEY (`id_estado`) REFERENCES `estados` (`id_estado`) ON DELETE CASCADE ON UPDATE CASCADE
) ENGINE=InnoDB AUTO_INCREMENT=523 DEFAULT CHARSET=utf8 COLLATE=utf8_general_ci;

-- Volcando datos para la tabla cvm.ciudades: ~461 rows (aproximadamente)
INSERT INTO `ciudades` (`id_ciudad`, `id_estado`, `ciudad`, `capital`) VALUES
	(1, 1, 'Maroa', 0),
	(2, 1, 'Puerto Ayacucho', 1),
	(3, 1, 'San Fernando de Atabapo', 0),
	(4, 2, 'Anaco', 0),
	(5, 2, 'Aragua de Barcelona', 0),
	(6, 2, 'Barcelona', 1),
	(7, 2, 'Boca de Uchire', 0),
	(8, 2, 'Cantaura', 0),
	(9, 2, 'Clarines', 0),
	(10, 2, 'El Chaparro', 0),
	(11, 2, 'El Pao Anzoátegui', 0),
	(12, 2, 'El Tigre', 0),
	(13, 2, 'El Tigrito', 0),
	(14, 2, 'Guanape', 0),
	(15, 2, 'Guanta', 0),
	(16, 2, 'Lechería', 0),
	(17, 2, 'Onoto', 0),
	(18, 2, 'Pariaguán', 0),
	(19, 2, 'Píritu', 0),
	(20, 2, 'Puerto La Cruz', 0),
	(21, 2, 'Puerto Píritu', 0),
	(22, 2, 'Sabana de Uchire', 0),
	(23, 2, 'San Mateo Anzoátegui', 0),
	(24, 2, 'San Pablo Anzoátegui', 0),
	(25, 2, 'San Tomé', 0),
	(26, 2, 'Santa Ana de Anzoátegui', 0),
	(27, 2, 'Santa Fe Anzoátegui', 0),
	(28, 2, 'Santa Rosa', 0),
	(29, 2, 'Soledad', 0),
	(30, 2, 'Urica', 0),
	(31, 2, 'Valle de Guanape', 0),
	(43, 3, 'Achaguas', 0),
	(44, 3, 'Biruaca', 0),
	(45, 3, 'Bruzual', 0),
	(46, 3, 'El Amparo', 0),
	(47, 3, 'El Nula', 0),
	(48, 3, 'Elorza', 0),
	(49, 3, 'Guasdualito', 0),
	(50, 3, 'Mantecal', 0),
	(51, 3, 'Puerto Páez', 0),
	(52, 3, 'San Fernando de Apure', 1),
	(53, 3, 'San Juan de Payara', 0),
	(54, 4, 'Barbacoas', 0),
	(55, 4, 'Cagua', 0),
	(56, 4, 'Camatagua', 0),
	(58, 4, 'Choroní', 0),
	(59, 4, 'Colonia Tovar', 0),
	(60, 4, 'El Consejo', 0),
	(61, 4, 'La Victoria', 0),
	(62, 4, 'Las Tejerías', 0),
	(63, 4, 'Magdaleno', 0),
	(64, 4, 'Maracay', 1),
	(65, 4, 'Ocumare de La Costa', 0),
	(66, 4, 'Palo Negro', 0),
	(67, 4, 'San Casimiro', 0),
	(68, 4, 'San Mateo', 0),
	(69, 4, 'San Sebastián', 0),
	(70, 4, 'Santa Cruz de Aragua', 0),
	(71, 4, 'Tocorón', 0),
	(72, 4, 'Turmero', 0),
	(73, 4, 'Villa de Cura', 0),
	(74, 4, 'Zuata', 0),
	(75, 5, 'Barinas', 1),
	(76, 5, 'Barinitas', 0),
	(77, 5, 'Barrancas', 0),
	(78, 5, 'Calderas', 0),
	(79, 5, 'Capitanejo', 0),
	(80, 5, 'Ciudad Bolivia', 0),
	(81, 5, 'El Cantón', 0),
	(82, 5, 'Las Veguitas', 0),
	(83, 5, 'Libertad de Barinas', 0),
	(84, 5, 'Sabaneta', 0),
	(85, 5, 'Santa Bárbara de Barinas', 0),
	(86, 5, 'Socopó', 0),
	(87, 6, 'Caicara del Orinoco', 0),
	(88, 6, 'Canaima', 0),
	(89, 6, 'Ciudad Bolívar', 1),
	(90, 6, 'Ciudad Piar', 0),
	(91, 6, 'El Callao', 0),
	(92, 6, 'El Dorado', 0),
	(93, 6, 'El Manteco', 0),
	(94, 6, 'El Palmar', 0),
	(95, 6, 'El Pao', 0),
	(96, 6, 'Guasipati', 0),
	(97, 6, 'Guri', 0),
	(98, 6, 'La Paragua', 0),
	(99, 6, 'Matanzas', 0),
	(100, 6, 'Puerto Ordaz', 0),
	(101, 6, 'San Félix', 0),
	(102, 6, 'Santa Elena de Uairén', 0),
	(103, 6, 'Tumeremo', 0),
	(104, 6, 'Unare', 0),
	(105, 6, 'Upata', 0),
	(106, 7, 'Bejuma', 0),
	(107, 7, 'Belén', 0),
	(108, 7, 'Campo de Carabobo', 0),
	(109, 7, 'Canoabo', 0),
	(110, 7, 'Central Tacarigua', 0),
	(111, 7, 'Chirgua', 0),
	(112, 7, 'Ciudad Alianza', 0),
	(113, 7, 'El Palito', 0),
	(114, 7, 'Guacara', 0),
	(115, 7, 'Guigue', 0),
	(116, 7, 'Las Trincheras', 0),
	(117, 7, 'Los Guayos', 0),
	(118, 7, 'Mariara', 0),
	(119, 7, 'Miranda', 0),
	(120, 7, 'Montalbán', 0),
	(121, 7, 'Morón', 0),
	(122, 7, 'Naguanagua', 0),
	(123, 7, 'Puerto Cabello', 0),
	(124, 7, 'San Joaquín', 0),
	(125, 7, 'Tocuyito', 0),
	(126, 7, 'Urama', 0),
	(127, 7, 'Valencia', 1),
	(128, 7, 'Vigirimita', 0),
	(129, 8, 'Aguirre', 0),
	(130, 8, 'Apartaderos Cojedes', 0),
	(131, 8, 'Arismendi', 0),
	(132, 8, 'Camuriquito', 0),
	(133, 8, 'El Baúl', 0),
	(134, 8, 'El Limón', 0),
	(135, 8, 'El Pao Cojedes', 0),
	(136, 8, 'El Socorro', 0),
	(137, 8, 'La Aguadita', 0),
	(138, 8, 'Las Vegas', 0),
	(139, 8, 'Libertad de Cojedes', 0),
	(140, 8, 'Mapuey', 0),
	(141, 8, 'Piñedo', 0),
	(142, 8, 'Samancito', 0),
	(143, 8, 'San Carlos', 1),
	(144, 8, 'Sucre', 0),
	(145, 8, 'Tinaco', 0),
	(146, 8, 'Tinaquillo', 0),
	(147, 8, 'Vallecito', 0),
	(148, 9, 'Tucupita', 1),
	(149, 24, 'Caracas', 1),
	(150, 24, 'El Junquito', 0),
	(151, 10, 'Adícora', 0),
	(152, 10, 'Boca de Aroa', 0),
	(153, 10, 'Cabure', 0),
	(154, 10, 'Capadare', 0),
	(155, 10, 'Capatárida', 0),
	(156, 10, 'Chichiriviche', 0),
	(157, 10, 'Churuguara', 0),
	(158, 10, 'Coro', 1),
	(159, 10, 'Cumarebo', 0),
	(160, 10, 'Dabajuro', 0),
	(161, 10, 'Judibana', 0),
	(162, 10, 'La Cruz de Taratara', 0),
	(163, 10, 'La Vela de Coro', 0),
	(164, 10, 'Los Taques', 0),
	(165, 10, 'Maparari', 0),
	(166, 10, 'Mene de Mauroa', 0),
	(167, 10, 'Mirimire', 0),
	(168, 10, 'Pedregal', 0),
	(169, 10, 'Píritu Falcón', 0),
	(170, 10, 'Pueblo Nuevo Falcón', 0),
	(171, 10, 'Puerto Cumarebo', 0),
	(172, 10, 'Punta Cardón', 0),
	(173, 10, 'Punto Fijo', 0),
	(174, 10, 'San Juan de Los Cayos', 0),
	(175, 10, 'San Luis', 0),
	(176, 10, 'Santa Ana Falcón', 0),
	(177, 10, 'Santa Cruz De Bucaral', 0),
	(178, 10, 'Tocopero', 0),
	(179, 10, 'Tocuyo de La Costa', 0),
	(180, 10, 'Tucacas', 0),
	(181, 10, 'Yaracal', 0),
	(182, 11, 'Altagracia de Orituco', 0),
	(183, 11, 'Cabruta', 0),
	(184, 11, 'Calabozo', 0),
	(185, 11, 'Camaguán', 0),
	(196, 11, 'Chaguaramas Guárico', 0),
	(197, 11, 'El Socorro', 0),
	(198, 11, 'El Sombrero', 0),
	(199, 11, 'Las Mercedes de Los Llanos', 0),
	(200, 11, 'Lezama', 0),
	(201, 11, 'Onoto', 0),
	(202, 11, 'Ortíz', 0),
	(203, 11, 'San José de Guaribe', 0),
	(204, 11, 'San Juan de Los Morros', 1),
	(205, 11, 'San Rafael de Laya', 0),
	(206, 11, 'Santa María de Ipire', 0),
	(207, 11, 'Tucupido', 0),
	(208, 11, 'Valle de La Pascua', 0),
	(209, 11, 'Zaraza', 0),
	(210, 12, 'Aguada Grande', 0),
	(211, 12, 'Atarigua', 0),
	(212, 12, 'Barquisimeto', 1),
	(213, 12, 'Bobare', 0),
	(214, 12, 'Cabudare', 0),
	(215, 12, 'Carora', 0),
	(216, 12, 'Cubiro', 0),
	(217, 12, 'Cují', 0),
	(218, 12, 'Duaca', 0),
	(219, 12, 'El Manzano', 0),
	(220, 12, 'El Tocuyo', 0),
	(221, 12, 'Guaríco', 0),
	(222, 12, 'Humocaro Alto', 0),
	(223, 12, 'Humocaro Bajo', 0),
	(224, 12, 'La Miel', 0),
	(225, 12, 'Moroturo', 0),
	(226, 12, 'Quíbor', 0),
	(227, 12, 'Río Claro', 0),
	(228, 12, 'Sanare', 0),
	(229, 12, 'Santa Inés', 0),
	(230, 12, 'Sarare', 0),
	(231, 12, 'Siquisique', 0),
	(232, 12, 'Tintorero', 0),
	(233, 13, 'Apartaderos Mérida', 0),
	(234, 13, 'Arapuey', 0),
	(235, 13, 'Bailadores', 0),
	(236, 13, 'Caja Seca', 0),
	(237, 13, 'Canaguá', 0),
	(238, 13, 'Chachopo', 0),
	(239, 13, 'Chiguara', 0),
	(240, 13, 'Ejido', 0),
	(241, 13, 'El Vigía', 0),
	(242, 13, 'La Azulita', 0),
	(243, 13, 'La Playa', 0),
	(244, 13, 'Lagunillas Mérida', 0),
	(245, 13, 'Mérida', 1),
	(246, 13, 'Mesa de Bolívar', 0),
	(247, 13, 'Mucuchíes', 0),
	(248, 13, 'Mucujepe', 0),
	(249, 13, 'Mucuruba', 0),
	(250, 13, 'Nueva Bolivia', 0),
	(251, 13, 'Palmarito', 0),
	(252, 13, 'Pueblo Llano', 0),
	(253, 13, 'Santa Cruz de Mora', 0),
	(254, 13, 'Santa Elena de Arenales', 0),
	(255, 13, 'Santo Domingo', 0),
	(256, 13, 'Tabáy', 0),
	(257, 13, 'Timotes', 0),
	(258, 13, 'Torondoy', 0),
	(259, 13, 'Tovar', 0),
	(260, 13, 'Tucani', 0),
	(261, 13, 'Zea', 0),
	(262, 14, 'Araguita', 0),
	(263, 14, 'Carrizal', 0),
	(264, 14, 'Caucagua', 0),
	(265, 14, 'Chaguaramas Miranda', 0),
	(266, 14, 'Charallave', 0),
	(267, 14, 'Chirimena', 0),
	(268, 14, 'Chuspa', 0),
	(269, 14, 'Cúa', 0),
	(270, 14, 'Cupira', 0),
	(271, 14, 'Curiepe', 0),
	(272, 14, 'El Guapo', 0),
	(273, 14, 'El Jarillo', 0),
	(274, 14, 'Filas de Mariche', 0),
	(275, 14, 'Guarenas', 0),
	(276, 14, 'Guatire', 0),
	(277, 14, 'Higuerote', 0),
	(278, 14, 'Los Anaucos', 0),
	(279, 14, 'Los Teques', 1),
	(280, 14, 'Ocumare del Tuy', 0),
	(281, 14, 'Panaquire', 0),
	(282, 14, 'Paracotos', 0),
	(283, 14, 'Río Chico', 0),
	(284, 14, 'San Antonio de Los Altos', 0),
	(285, 14, 'San Diego de Los Altos', 0),
	(286, 14, 'San Fernando del Guapo', 0),
	(287, 14, 'San Francisco de Yare', 0),
	(288, 14, 'San José de Los Altos', 0),
	(289, 14, 'San José de Río Chico', 0),
	(290, 14, 'San Pedro de Los Altos', 0),
	(291, 14, 'Santa Lucía', 0),
	(292, 14, 'Santa Teresa', 0),
	(293, 14, 'Tacarigua de La Laguna', 0),
	(294, 14, 'Tacarigua de Mamporal', 0),
	(295, 14, 'Tácata', 0),
	(296, 14, 'Turumo', 0),
	(297, 15, 'Aguasay', 0),
	(298, 15, 'Aragua de Maturín', 0),
	(299, 15, 'Barrancas del Orinoco', 0),
	(300, 15, 'Caicara de Maturín', 0),
	(301, 15, 'Caripe', 0),
	(302, 15, 'Caripito', 0),
	(303, 15, 'Chaguaramal', 0),
	(305, 15, 'Chaguaramas Monagas', 0),
	(307, 15, 'El Furrial', 0),
	(308, 15, 'El Tejero', 0),
	(309, 15, 'Jusepín', 0),
	(310, 15, 'La Toscana', 0),
	(311, 15, 'Maturín', 1),
	(312, 15, 'Miraflores', 0),
	(313, 15, 'Punta de Mata', 0),
	(314, 15, 'Quiriquire', 0),
	(315, 15, 'San Antonio de Maturín', 0),
	(316, 15, 'San Vicente Monagas', 0),
	(317, 15, 'Santa Bárbara', 0),
	(318, 15, 'Temblador', 0),
	(319, 15, 'Teresen', 0),
	(320, 15, 'Uracoa', 0),
	(321, 16, 'Altagracia', 0),
	(322, 16, 'Boca de Pozo', 0),
	(323, 16, 'Boca de Río', 0),
	(324, 16, 'El Espinal', 0),
	(325, 16, 'El Valle del Espíritu Santo', 0),
	(326, 16, 'El Yaque', 0),
	(327, 16, 'Juangriego', 0),
	(328, 16, 'La Asunción', 1),
	(329, 16, 'La Guardia', 0),
	(330, 16, 'Pampatar', 0),
	(331, 16, 'Porlamar', 0),
	(332, 16, 'Puerto Fermín', 0),
	(333, 16, 'Punta de Piedras', 0),
	(334, 16, 'San Francisco de Macanao', 0),
	(335, 16, 'San Juan Bautista', 0),
	(336, 16, 'San Pedro de Coche', 0),
	(337, 16, 'Santa Ana de Nueva Esparta', 0),
	(338, 16, 'Villa Rosa', 0),
	(339, 17, 'Acarigua', 0),
	(340, 17, 'Agua Blanca', 0),
	(341, 17, 'Araure', 0),
	(342, 17, 'Biscucuy', 0),
	(343, 17, 'Boconoito', 0),
	(344, 17, 'Campo Elías', 0),
	(345, 17, 'Chabasquén', 0),
	(346, 17, 'Guanare', 1),
	(347, 17, 'Guanarito', 0),
	(348, 17, 'La Aparición', 0),
	(349, 17, 'La Misión', 0),
	(350, 17, 'Mesa de Cavacas', 0),
	(351, 17, 'Ospino', 0),
	(352, 17, 'Papelón', 0),
	(353, 17, 'Payara', 0),
	(354, 17, 'Pimpinela', 0),
	(355, 17, 'Píritu de Portuguesa', 0),
	(356, 17, 'San Rafael de Onoto', 0),
	(357, 17, 'Santa Rosalía', 0),
	(358, 17, 'Turén', 0),
	(359, 18, 'Altos de Sucre', 0),
	(360, 18, 'Araya', 0),
	(361, 18, 'Cariaco', 0),
	(362, 18, 'Carúpano', 0),
	(363, 18, 'Casanay', 0),
	(364, 18, 'Cumaná', 1),
	(365, 18, 'Cumanacoa', 0),
	(366, 18, 'El Morro Puerto Santo', 0),
	(367, 18, 'El Pilar', 0),
	(368, 18, 'El Poblado', 0),
	(369, 18, 'Guaca', 0),
	(370, 18, 'Guiria', 0),
	(371, 18, 'Irapa', 0),
	(372, 18, 'Manicuare', 0),
	(373, 18, 'Mariguitar', 0),
	(374, 18, 'Río Caribe', 0),
	(375, 18, 'San Antonio del Golfo', 0),
	(376, 18, 'San José de Aerocuar', 0),
	(377, 18, 'San Vicente de Sucre', 0),
	(378, 18, 'Santa Fe de Sucre', 0),
	(379, 18, 'Tunapuy', 0),
	(380, 18, 'Yaguaraparo', 0),
	(381, 18, 'Yoco', 0),
	(382, 19, 'Abejales', 0),
	(383, 19, 'Borota', 0),
	(384, 19, 'Bramon', 0),
	(385, 19, 'Capacho', 0),
	(386, 19, 'Colón', 0),
	(387, 19, 'Coloncito', 0),
	(388, 19, 'Cordero', 0),
	(389, 19, 'El Cobre', 0),
	(390, 19, 'El Pinal', 0),
	(391, 19, 'Independencia', 0),
	(392, 19, 'La Fría', 0),
	(393, 19, 'La Grita', 0),
	(394, 19, 'La Pedrera', 0),
	(395, 19, 'La Tendida', 0),
	(396, 19, 'Las Delicias', 0),
	(397, 19, 'Las Hernández', 0),
	(398, 19, 'Lobatera', 0),
	(399, 19, 'Michelena', 0),
	(400, 19, 'Palmira', 0),
	(401, 19, 'Pregonero', 0),
	(402, 19, 'Queniquea', 0),
	(403, 19, 'Rubio', 0),
	(404, 19, 'San Antonio del Tachira', 0),
	(405, 19, 'San Cristobal', 1),
	(406, 19, 'San José de Bolívar', 0),
	(407, 19, 'San Josecito', 0),
	(408, 19, 'San Pedro del Río', 0),
	(409, 19, 'Santa Ana Táchira', 0),
	(410, 19, 'Seboruco', 0),
	(411, 19, 'Táriba', 0),
	(412, 19, 'Umuquena', 0),
	(413, 19, 'Ureña', 0),
	(414, 20, 'Batatal', 0),
	(415, 20, 'Betijoque', 0),
	(416, 20, 'Boconó', 0),
	(417, 20, 'Carache', 0),
	(418, 20, 'Chejende', 0),
	(419, 20, 'Cuicas', 0),
	(420, 20, 'El Dividive', 0),
	(421, 20, 'El Jaguito', 0),
	(422, 20, 'Escuque', 0),
	(423, 20, 'Isnotú', 0),
	(424, 20, 'Jajó', 0),
	(425, 20, 'La Ceiba', 0),
	(426, 20, 'La Concepción de Trujllo', 0),
	(427, 20, 'La Mesa de Esnujaque', 0),
	(428, 20, 'La Puerta', 0),
	(429, 20, 'La Quebrada', 0),
	(430, 20, 'Mendoza Fría', 0),
	(431, 20, 'Meseta de Chimpire', 0),
	(432, 20, 'Monay', 0),
	(433, 20, 'Motatán', 0),
	(434, 20, 'Pampán', 0),
	(435, 20, 'Pampanito', 0),
	(436, 20, 'Sabana de Mendoza', 0),
	(437, 20, 'San Lázaro', 0),
	(438, 20, 'Santa Ana de Trujillo', 0),
	(439, 20, 'Tostós', 0),
	(440, 20, 'Trujillo', 1),
	(441, 20, 'Valera', 0),
	(442, 21, 'Carayaca', 0),
	(443, 21, 'Litoral', 0),
	(444, 25, 'Archipiélago Los Roques', 0),
	(445, 22, 'Aroa', 0),
	(446, 22, 'Boraure', 0),
	(447, 22, 'Campo Elías de Yaracuy', 0),
	(448, 22, 'Chivacoa', 0),
	(449, 22, 'Cocorote', 0),
	(450, 22, 'Farriar', 0),
	(451, 22, 'Guama', 0),
	(452, 22, 'Marín', 0),
	(453, 22, 'Nirgua', 0),
	(454, 22, 'Sabana de Parra', 0),
	(455, 22, 'Salom', 0),
	(456, 22, 'San Felipe', 1),
	(457, 22, 'San Pablo de Yaracuy', 0),
	(458, 22, 'Urachiche', 0),
	(459, 22, 'Yaritagua', 0),
	(460, 22, 'Yumare', 0),
	(461, 23, 'Bachaquero', 0),
	(462, 23, 'Bobures', 0),
	(463, 23, 'Cabimas', 0),
	(464, 23, 'Campo Concepción', 0),
	(465, 23, 'Campo Mara', 0),
	(466, 23, 'Campo Rojo', 0),
	(467, 23, 'Carrasquero', 0),
	(468, 23, 'Casigua', 0),
	(469, 23, 'Chiquinquirá', 0),
	(470, 23, 'Ciudad Ojeda', 0),
	(471, 23, 'El Batey', 0),
	(472, 23, 'El Carmelo', 0),
	(473, 23, 'El Chivo', 0),
	(474, 23, 'El Guayabo', 0),
	(475, 23, 'El Mene', 0),
	(476, 23, 'El Venado', 0),
	(477, 23, 'Encontrados', 0),
	(478, 23, 'Gibraltar', 0),
	(479, 23, 'Isla de Toas', 0),
	(480, 23, 'La Concepción del Zulia', 0),
	(481, 23, 'La Paz', 0),
	(482, 23, 'La Sierrita', 0),
	(483, 23, 'Lagunillas del Zulia', 0),
	(484, 23, 'Las Piedras de Perijá', 0),
	(485, 23, 'Los Cortijos', 0),
	(486, 23, 'Machiques', 0),
	(487, 23, 'Maracaibo', 1),
	(488, 23, 'Mene Grande', 0),
	(489, 23, 'Palmarejo', 0),
	(490, 23, 'Paraguaipoa', 0),
	(491, 23, 'Potrerito', 0),
	(492, 23, 'Pueblo Nuevo del Zulia', 0),
	(493, 23, 'Puertos de Altagracia', 0),
	(494, 23, 'Punta Gorda', 0),
	(495, 23, 'Sabaneta de Palma', 0),
	(496, 23, 'San Francisco', 0),
	(497, 23, 'San José de Perijá', 0),
	(498, 23, 'San Rafael del Moján', 0),
	(499, 23, 'San Timoteo', 0),
	(500, 23, 'Santa Bárbara Del Zulia', 0),
	(501, 23, 'Santa Cruz de Mara', 0),
	(502, 23, 'Santa Cruz del Zulia', 0),
	(503, 23, 'Santa Rita', 0),
	(504, 23, 'Sinamaica', 0),
	(505, 23, 'Tamare', 0),
	(506, 23, 'Tía Juana', 0),
	(507, 23, 'Villa del Rosario', 0),
	(508, 21, 'La Guaira', 1),
	(509, 21, 'Catia La Mar', 0),
	(510, 21, 'Macuto', 0),
	(511, 21, 'Naiguatá', 0),
	(512, 25, 'Archipiélago Los Monjes', 0),
	(513, 25, 'Isla La Tortuga y Cayos adyacentes', 0),
	(514, 25, 'Isla La Sola', 0),
	(515, 25, 'Islas Los Testigos', 0),
	(516, 25, 'Islas Los Frailes', 0),
	(517, 25, 'Isla La Orchila', 0),
	(518, 25, 'Archipiélago Las Aves', 0),
	(519, 25, 'Isla de Aves', 0),
	(520, 25, 'Isla La Blanquilla', 0),
	(521, 25, 'Isla de Patos', 0),
	(522, 25, 'Islas Los Hermanos', 0);

-- Volcando estructura para tabla cvm.cupos
CREATE TABLE IF NOT EXISTS `cupos` (
  `id` int(11) NOT NULL AUTO_INCREMENT,
  `id_grado` int(11) DEFAULT 0,
  `cupo` int(11) DEFAULT 0,
  `turno` enum('M','T','N') DEFAULT NULL,
  `id_periodo` int(11) DEFAULT 0,
  KEY `Índice 1` (`id`)
) ENGINE=InnoDB AUTO_INCREMENT=11 DEFAULT CHARSET=utf8mb4 COLLATE=utf8mb4_general_ci;

-- Volcando datos para la tabla cvm.cupos: ~10 rows (aproximadamente)
INSERT INTO `cupos` (`id`, `id_grado`, `cupo`, `turno`, `id_periodo`) VALUES
	(1, 1, 20, 'M', 1),
	(2, 2, 15, 'M', 1),
	(3, 3, 23, 'M', 1),
	(4, 4, 17, 'M', 1),
	(6, 1, 15, 'T', 1),
	(7, 2, 16, 'T', 1),
	(8, 3, 18, 'T', 1),
	(9, 4, 10, 'T', 1),
	(5, 5, 0, 'M', 1),
	(10, 5, 12, 'T', 1);

-- Volcando estructura para tabla cvm.docentes
CREATE TABLE IF NOT EXISTS `docentes` (
  `id` int(11) NOT NULL AUTO_INCREMENT,
  `nombre` varchar(50) DEFAULT NULL,
  `apellido` varchar(50) DEFAULT NULL,
  `cedula` varchar(50) DEFAULT NULL,
  `telf_movil` varchar(50) DEFAULT NULL,
  `email` varchar(50) DEFAULT NULL,
  `direccion` varchar(50) DEFAULT NULL,
  `nivel_instruccion` enum('N','B','U','P') DEFAULT NULL,
  `id_usuarios` int(11) DEFAULT NULL,
  `estatus` enum('Y','N') DEFAULT NULL,
  KEY `Índice 1` (`id`)
) ENGINE=InnoDB AUTO_INCREMENT=15 DEFAULT CHARSET=utf8 COLLATE=utf8_unicode_ci;

-- Volcando datos para la tabla cvm.docentes: ~14 rows (aproximadamente)
INSERT INTO `docentes` (`id`, `nombre`, `apellido`, `cedula`, `telf_movil`, `email`, `direccion`, `nivel_instruccion`, `id_usuarios`, `estatus`) VALUES
	(1, 'carlo', 'durán', '195558968', '04245334879', 'elsecretodeloscielo@gmail.com', 'las golondrina', 'U', 2, 'Y'),
	(2, 'joel', 'arias', '193355687', '04247885698', 'joel4e@gmail.com', 'medellin', 'U', 3, 'Y'),
	(3, 'jon', 'doe', '135556698', '04247104587', 'jondoe@gmail.com', 'test', 'U', 5, 'N'),
	(4, 'Juan ', 'Jose', '17556455', '5555', 'juanjose@gmail.com', 'test', 'U', 8, 'Y'),
	(5, 'carlos', 'perez', '19569853', '5555', 'carlosperez@gmail.com', 'test', 'U', 9, 'Y'),
	(6, 'julian', 'duran', '24355137', '5555', 'test@gmail.com', 'test', 'U', 10, 'Y'),
	(7, 'winder', 'Medina', '2463404', '04247554587', 'winder@gmail.com', 'testfg', 'U', 11, 'N'),
	(8, 'joe', 'golberth', '7558965', '777', 'joe@gmail.com', 'test', 'P', 16, 'N'),
	(9, 'filipo', 'arquimedes', '5634499', '555', 'filip@outlook.com', 'filipinas', 'P', 17, 'N'),
	(10, 'stone', 'age', '25463404', '55555', 'stoneage@gmail.com', 'tkhjh', 'P', 18, 'Y'),
	(11, 'jon', 'doe88888', '2222', '222', 'angelloprogramador@gmail.com', 'yy', 'U', 19, 'N'),
	(12, 'daniel', 'servita', '555555', '55555', 'test@gmail.com', 'test', 'U', 20, 'N'),
	(13, 'jose', 'omar', '654321654', '63216542', 'joseomar@gmail.com', 'test', 'U', 22, 'Y'),
	(14, 'Angello', 'duran', '55555', '55555', 'angelloprogramador@gmail.com', 'test', 'U', 23, 'Y');

-- Volcando estructura para tabla cvm.docentes_materias
CREATE TABLE IF NOT EXISTS `docentes_materias` (
  `id` int(11) NOT NULL AUTO_INCREMENT,
  `id_docentes` int(11) DEFAULT 0,
  `id_materias` int(11) DEFAULT 0,
  KEY `Índice 1` (`id`)
) ENGINE=InnoDB DEFAULT CHARSET=utf8mb4 COLLATE=utf8mb4_unicode_ci;

-- Volcando datos para la tabla cvm.docentes_materias: ~0 rows (aproximadamente)

-- Volcando estructura para tabla cvm.docentes_secciones
CREATE TABLE IF NOT EXISTS `docentes_secciones` (
  `id` int(11) NOT NULL AUTO_INCREMENT,
  `id_docente` int(11) DEFAULT NULL,
  `id_seccion` int(11) DEFAULT NULL,
  KEY `Índice 1` (`id`)
) ENGINE=InnoDB DEFAULT CHARSET=utf8 COLLATE=utf8_unicode_ci;

-- Volcando datos para la tabla cvm.docentes_secciones: ~0 rows (aproximadamente)

-- Volcando estructura para tabla cvm.estados
CREATE TABLE IF NOT EXISTS `estados` (
  `id_estado` int(11) NOT NULL AUTO_INCREMENT,
  `estado` varchar(250) NOT NULL,
  `iso_3166-2` varchar(4) NOT NULL,
  PRIMARY KEY (`id_estado`)
) ENGINE=InnoDB AUTO_INCREMENT=26 DEFAULT CHARSET=utf8 COLLATE=utf8_general_ci;

-- Volcando datos para la tabla cvm.estados: ~25 rows (aproximadamente)
INSERT INTO `estados` (`id_estado`, `estado`, `iso_3166-2`) VALUES
	(1, 'Amazonas', 'VE-X'),
	(2, 'Anzoátegui', 'VE-B'),
	(3, 'Apure', 'VE-C'),
	(4, 'Aragua', 'VE-D'),
	(5, 'Barinas', 'VE-E'),
	(6, 'Bolívar', 'VE-F'),
	(7, 'Carabobo', 'VE-G'),
	(8, 'Cojedes', 'VE-H'),
	(9, 'Delta Amacuro', 'VE-Y'),
	(10, 'Falcón', 'VE-I'),
	(11, 'Guárico', 'VE-J'),
	(12, 'Lara', 'VE-K'),
	(13, 'Mérida', 'VE-L'),
	(14, 'Miranda', 'VE-M'),
	(15, 'Monagas', 'VE-N'),
	(16, 'Nueva Esparta', 'VE-O'),
	(17, 'Portuguesa', 'VE-P'),
	(18, 'Sucre', 'VE-R'),
	(19, 'Táchira', 'VE-S'),
	(20, 'Trujillo', 'VE-T'),
	(21, 'La Guaira', 'VE-W'),
	(22, 'Yaracuy', 'VE-U'),
	(23, 'Zulia', 'VE-V'),
	(24, 'Distrito Capital', 'VE-A'),
	(25, 'Dependencias Federales', 'VE-Z');

-- Volcando estructura para tabla cvm.estudiantes
CREATE TABLE IF NOT EXISTS `estudiantes` (
  `id` int(11) NOT NULL AUTO_INCREMENT,
  `nombre` varchar(50) DEFAULT NULL,
  `apellido` varchar(50) DEFAULT NULL,
  `cedula` varchar(50) DEFAULT NULL,
  `tipo_documento` enum('V','E') DEFAULT NULL,
  `nacionalidad` enum('VEN','COL') DEFAULT NULL,
  `edad` varchar(50) DEFAULT NULL,
  `genero` enum('M','F') DEFAULT NULL,
  `telf_code` varchar(50) DEFAULT NULL,
  `telf_movil` varchar(50) DEFAULT NULL,
  `telf_residencia` varchar(50) DEFAULT NULL,
  `email` varchar(100) DEFAULT NULL,
  `direccion` varchar(250) DEFAULT NULL,
  `punto_referencia` varchar(250) DEFAULT NULL,
  `lugar_nacimiento` varchar(250) DEFAULT NULL,
  `id_estado` int(11) DEFAULT NULL,
  `id_municipio` int(11) DEFAULT NULL,
  `religion` varchar(250) DEFAULT NULL,
  `fecha_nacimiento` date DEFAULT NULL,
  `habilidades` varchar(50) DEFAULT NULL,
  `otra_religion` varchar(50) DEFAULT NULL,
  `lateralidad` enum('D','I') DEFAULT NULL,
  `id_usuario` int(11) DEFAULT NULL,
  `id_detalles_estudiante` int(11) DEFAULT NULL,
  `id_representante` int(11) DEFAULT NULL,
  `id_mama` int(11) DEFAULT NULL,
  `id_papa` int(11) DEFAULT NULL,
  `id_seccion` int(11) DEFAULT NULL,
  `foto` varchar(100) DEFAULT NULL,
  KEY `Índice 1` (`id`)
) ENGINE=InnoDB AUTO_INCREMENT=26 DEFAULT CHARSET=utf8 COLLATE=utf8_unicode_ci;

-- Volcando datos para la tabla cvm.estudiantes: ~10 rows (aproximadamente)
INSERT INTO `estudiantes` (`id`, `nombre`, `apellido`, `cedula`, `tipo_documento`, `nacionalidad`, `edad`, `genero`, `telf_code`, `telf_movil`, `telf_residencia`, `email`, `direccion`, `punto_referencia`, `lugar_nacimiento`, `id_estado`, `id_municipio`, `religion`, `fecha_nacimiento`, `habilidades`, `otra_religion`, `lateralidad`, `id_usuario`, `id_detalles_estudiante`, `id_representante`, `id_mama`, `id_papa`, `id_seccion`, `foto`) VALUES
	(1, 'Angello', 'Duran', '25463404', 'V', 'VEN', '26', 'M', NULL, NULL, NULL, 'angelloprogramador@gmail.com', 'test', NULL, NULL, NULL, NULL, NULL, '1997-01-13', NULL, NULL, NULL, 1, 1, 1, 1, 1, NULL, NULL),
	(2, 'julian', 'duran', '25169112', 'V', 'VEN', '27', 'M', NULL, NULL, NULL, 'julian@gmail.com', 'test', NULL, NULL, NULL, NULL, NULL, '1995-03-28', NULL, NULL, NULL, 12, 2, 2, 2, 2, NULL, NULL),
	(3, 'Angello', 'Duran', '25463404', 'V', 'VEN', '26', 'M', NULL, NULL, NULL, 'angelloprogramador@gmail.com', 'test', NULL, NULL, NULL, NULL, NULL, '1997-01-13', NULL, NULL, NULL, 15, 4, 3, 3, 3, NULL, NULL),
	(4, 'test', 'test', '25463404', 'V', 'VEN', '25', 'M', NULL, NULL, NULL, 'angelloprogramador@gmail.com', 'test', NULL, NULL, NULL, NULL, NULL, '1956-02-22', NULL, NULL, NULL, 21, 5, 4, 4, 4, NULL, NULL),
	(5, 'Angello', 'Duran', '25463404', 'V', 'VEN', '26', 'M', NULL, NULL, NULL, 'angelloprogramador@gmail.com', 'test', NULL, NULL, NULL, NULL, NULL, '1997-01-13', NULL, NULL, NULL, 24, 6, 5, 5, 5, NULL, NULL),
	(6, 'Angello', 'Duran', '25463404', 'E', 'VEN', '17', 'M', NULL, NULL, NULL, 'test@gmail.com', 'test', NULL, NULL, NULL, NULL, NULL, '2023-03-23', NULL, NULL, NULL, 25, 7, 6, 6, 6, NULL, NULL),
	(7, 'angello', 'duran', '25463452', 'V', 'VEN', '60', 'F', 'undefined', '4264720250', '02761115599', 'test23@gmail.com', 'test', 'test', NULL, 19, 363, NULL, '1963-01-15', 'test', NULL, NULL, 33, 15, 14, 14, 14, NULL, 'C:xampphtdocsColegioVirgilioMedinamodelclass/../twp/nuevo.jpg'),
	(19, 'angello', 'duran', '25', 'V', 'VEN', '62', 'F', 'undefined', '4264720256', '02761114455', 'test26@gmail.com', 'test', 'test', NULL, 19, 346, NULL, '1961-05-17', 'test', NULL, NULL, 45, 27, 26, 26, 26, NULL, 'nuevo.jpg'),
	(24, 'angello', 'duran', '24463487', 'V', 'VEN', '56', 'F', 'undefined', '4264720456', '02764445566', 'test83@gmail.com', 'test', 'test', NULL, 19, 363, NULL, '1967-01-18', 'test', NULL, NULL, 50, 32, 31, 31, 31, NULL, 'nuevo.jpg'),
	(25, 'pedro', 'perez', '25463416', 'V', 'VEN', '26', 'M', 'undefined', '4264728696', '0276111599', 'angelloprogramador26@gmail.com', 'carrizal test', 'test', NULL, 19, 363, NULL, '1997-01-13', 'musica', NULL, NULL, 51, 33, 32, 32, 32, NULL, 'nuevo.jpg');

-- Volcando estructura para tabla cvm.estudiantes_detalles
CREATE TABLE IF NOT EXISTS `estudiantes_detalles` (
  `id` int(11) NOT NULL AUTO_INCREMENT,
  `talla_camisa` enum('N','S','M','U','L','XL') DEFAULT NULL,
  `talla_pantalon` enum('12','14','16','N','S','M','U','L','XL') DEFAULT NULL,
  `estatura` varchar(50) DEFAULT NULL,
  `peso` varchar(50) DEFAULT NULL,
  `grupo_sanguineo` enum('N','A+','O+','B+','AB+','A-','O-','B-','AB-') DEFAULT NULL,
  `discapacidad` varchar(50) DEFAULT NULL,
  `url_informe_medico` varchar(250) DEFAULT NULL,
  `alergico` enum('Y','N') DEFAULT NULL,
  `convulsion` enum('Y','N') DEFAULT NULL,
  `alergia` varchar(50) DEFAULT NULL,
  `convulsion_observaciones` varchar(50) DEFAULT NULL,
  `enfermo` enum('Y','N') DEFAULT NULL,
  `enfermedad` varchar(50) DEFAULT NULL,
  `medicado` enum('Y','N') DEFAULT NULL,
  `medicamento` varchar(100) DEFAULT NULL,
  KEY `Índice 1` (`id`)
) ENGINE=InnoDB AUTO_INCREMENT=34 DEFAULT CHARSET=utf8 COLLATE=utf8_unicode_ci;

-- Volcando datos para la tabla cvm.estudiantes_detalles: ~33 rows (aproximadamente)
INSERT INTO `estudiantes_detalles` (`id`, `talla_camisa`, `talla_pantalon`, `estatura`, `peso`, `grupo_sanguineo`, `discapacidad`, `url_informe_medico`, `alergico`, `convulsion`, `alergia`, `convulsion_observaciones`, `enfermo`, `enfermedad`, `medicado`, `medicamento`) VALUES
	(1, 'N', 'N', '', '', 'N', '', '', 'N', NULL, '', NULL, 'N', '', 'N', ''),
	(2, 'N', 'N', '', '', 'N', '', '', 'N', NULL, '', NULL, 'N', '', 'N', ''),
	(3, 'S', 'S', '1.75', '56', 'A+', '', '', 'N', NULL, '', NULL, 'Y', 'hernia discal', 'Y', 'complejo B '),
	(4, 'S', 'S', '1.75', '56', 'A+', '', '', 'N', NULL, '', NULL, 'Y', 'hernia discal', 'Y', 'complejo B'),
	(5, 'S', 'M', '1.75', '55', 'A+', 'test', '', 'N', NULL, '', NULL, 'Y', 'hernia discal', 'Y', 'test'),
	(6, 'S', 'S', '1.75', '56', 'A+', '', '', 'N', NULL, '', NULL, 'N', '', 'N', ''),
	(7, 'S', 'S', '1.75', '56', 'O+', 'test', '', 'N', NULL, '', NULL, 'Y', 'hernia discal', 'Y', 'test'),
	(8, 'S', 'S', '1.72', '52', 'A+', 'Y', '', 'Y', 'Y', 'polvo', 'no', 'Y', 'siatalgia', 'Y', 'complejo b'),
	(9, 'S', '', '1.72', '52', 'A+', 'N', '', 'Y', 'Y', 'lacteos', 'no', 'Y', 'siatalgia', 'Y', 'complejo b '),
	(10, 'S', '', '1.72', '52', 'A+', 'N', '', 'Y', 'Y', 'lacteos', 'no', 'Y', 'siatalgia', 'Y', 'complejo b '),
	(11, 'S', '', '1.72', '52', 'A+', 'N', '', 'Y', 'Y', 'lacteos', 'no', 'Y', 'siatalgia', 'Y', 'complejo b '),
	(12, 'S', '', '1.72', '52', 'A+', 'N', '', 'Y', 'Y', 'lacteos', 'no', 'Y', 'siatalgia', 'Y', 'complejo b '),
	(13, 'S', '', '1.72', '52', 'A+', 'N', '', 'Y', 'Y', 'lacteos', 'no', 'Y', 'siatalgia', 'Y', 'complejo b '),
	(14, 'S', '', '1.72', '52', 'A+', 'N', '', 'Y', 'Y', 'lacteos', 'no', 'Y', 'siatalgia', 'Y', 'complejo b '),
	(15, 'S', '', '1.72', '52', 'A+', 'N', '', 'Y', 'Y', 'lacteos', 'no', 'Y', 'siatalgia', 'Y', 'complejo b '),
	(16, 'S', '', '1.72', '52', 'A+', 'Y', '', 'Y', 'Y', 'test', 'test', 'Y', 'test', 'Y', 'test'),
	(17, 'S', '', '1.72', '52', 'A+', 'Y', '', 'Y', 'Y', 'test', 'test', 'Y', 'test', 'Y', 'test'),
	(18, 'S', '', '1.72', '52', 'A+', 'Y', '', 'Y', 'Y', 'test', 'test', 'Y', 'test', 'Y', 'test'),
	(19, 'S', '', '1.72', '52', 'A+', 'Y', '', 'Y', 'Y', 'test', 'test', 'Y', 'test', 'Y', 'test'),
	(20, 'S', '', '1.72', '52', 'A+', 'Y', '', 'Y', 'Y', 'test', 'test', 'Y', 'test', 'Y', 'test'),
	(21, 'S', 'XL', '1.72', '52', 'A+', 'Y', '', 'Y', 'Y', 'test', 'test', 'Y', 'test', 'Y', 'test'),
	(22, 'S', '14', '1.72', '52', 'A+', 'Y', '', 'Y', 'Y', 'test', 'test', 'Y', 'test', 'Y', 'test'),
	(23, 'S', '14', '1.72', '52', 'A+', 'Y', '', 'Y', 'Y', 'test', 'test', 'Y', 'test', 'Y', 'test'),
	(24, 'S', '14', '1.72', '52', 'A+', 'Y', '', 'Y', 'Y', 'test', 'test', 'Y', 'test', 'Y', 'test'),
	(25, 'S', '14', '1.72', '52', 'A+', 'Y', '', 'Y', 'Y', 'test', 'test', 'Y', 'test', 'Y', 'test'),
	(26, 'S', '14', '1.72', '52', 'A+', 'Y', '', 'Y', 'Y', 'test', 'test', 'Y', 'test', 'Y', 'test'),
	(27, 'S', '14', '1.72', '52', 'A+', 'Y', '', 'Y', 'Y', 'test', 'test', 'Y', 'test', 'Y', 'test'),
	(28, 'XL', 'L', '1.72', '52', 'A+', 'Y', '', 'Y', 'Y', 'test', 'test', 'Y', 'test', 'Y', 'test'),
	(29, 'XL', 'L', '1.72', '52', 'A+', 'Y', '', 'Y', 'Y', 'test', 'test', 'Y', 'test', 'Y', 'test'),
	(30, 'XL', 'L', '1.72', '52', 'A+', 'Y', '', 'Y', 'Y', 'test', 'test', 'Y', 'test', 'Y', 'test'),
	(31, 'XL', 'L', '1.72', '52', 'A+', 'Y', '', 'Y', 'Y', 'test', 'test', 'Y', 'test', 'Y', 'test'),
	(32, 'XL', 'L', '1.72', '52', 'A+', 'Y', '', 'Y', 'Y', 'test', 'test', 'Y', 'test', 'Y', 'test'),
	(33, 'M', '16', '1.73', '52', 'A+', 'Y', '', 'Y', 'N', 'lacteos', '', 'Y', 'hernia discal', 'Y', 'complejo b');

-- Volcando estructura para tabla cvm.grados
CREATE TABLE IF NOT EXISTS `grados` (
  `id` int(11) NOT NULL AUTO_INCREMENT,
  `formato` varchar(50) DEFAULT NULL,
  `formato_2` varchar(50) DEFAULT NULL,
  `formato_3` varchar(50) DEFAULT NULL,
  KEY `Índice 1` (`id`)
) ENGINE=InnoDB AUTO_INCREMENT=6 DEFAULT CHARSET=utf8mb4 COLLATE=utf8mb4_unicode_ci;

-- Volcando datos para la tabla cvm.grados: ~5 rows (aproximadamente)
INSERT INTO `grados` (`id`, `formato`, `formato_2`, `formato_3`) VALUES
	(1, '1°', 'Primero', NULL),
	(2, '2°', 'Segundo', NULL),
	(3, '3°', 'Tercero', NULL),
	(4, '4°', 'Cuarto', NULL),
	(5, '5°', 'Quinto', NULL);

-- Volcando estructura para tabla cvm.lapsos
CREATE TABLE IF NOT EXISTS `lapsos` (
  `id` int(11) NOT NULL AUTO_INCREMENT,
  `formato` varchar(50) DEFAULT NULL,
  `formato_1` varchar(50) DEFAULT NULL,
  `formato_2` varchar(50) DEFAULT NULL,
  KEY `Índice 1` (`id`)
) ENGINE=InnoDB AUTO_INCREMENT=4 DEFAULT CHARSET=utf8 COLLATE=utf8_unicode_ci;

-- Volcando datos para la tabla cvm.lapsos: ~3 rows (aproximadamente)
INSERT INTO `lapsos` (`id`, `formato`, `formato_1`, `formato_2`) VALUES
	(1, '1°', 'PRIMER', NULL),
	(2, '2°', 'SEGUNDO', NULL),
	(3, '3°', 'TERCER', NULL);

-- Volcando estructura para tabla cvm.madres
CREATE TABLE IF NOT EXISTS `madres` (
  `id` int(11) NOT NULL AUTO_INCREMENT,
  `nombre` varchar(50) DEFAULT NULL,
  `apellido` varchar(50) DEFAULT NULL,
  `cedula` varchar(50) DEFAULT NULL,
  `tipo_documento` enum('V','E') DEFAULT NULL,
  `fecha_nacimiento` date DEFAULT NULL,
  `edad` varchar(50) DEFAULT NULL,
  `nacionalidad` enum('VEN','COL') DEFAULT NULL,
  `estado_civil` enum('N','C','S') DEFAULT NULL,
  `nivel_instruccion` enum('N','B','U','P') DEFAULT NULL,
  `ocupacion` varchar(250) DEFAULT NULL,
  `lugar_trabajo` varchar(250) DEFAULT NULL,
  `habilidad` varchar(250) DEFAULT NULL,
  `direccion_residencia` varchar(250) DEFAULT NULL,
  `telf_movil` varchar(50) DEFAULT NULL,
  `telf_residencia` varchar(50) DEFAULT NULL,
  `telf_trabajo` varchar(50) DEFAULT NULL,
  `religion` varchar(50) DEFAULT NULL,
  `vive_estudiante` enum('Y','N') DEFAULT NULL,
  `foto` varchar(100) DEFAULT NULL,
  KEY `Índice 1` (`id`) USING BTREE
) ENGINE=InnoDB AUTO_INCREMENT=33 DEFAULT CHARSET=utf8 COLLATE=utf8_unicode_ci ROW_FORMAT=DYNAMIC;

-- Volcando datos para la tabla cvm.madres: ~11 rows (aproximadamente)
INSERT INTO `madres` (`id`, `nombre`, `apellido`, `cedula`, `tipo_documento`, `fecha_nacimiento`, `edad`, `nacionalidad`, `estado_civil`, `nivel_instruccion`, `ocupacion`, `lugar_trabajo`, `habilidad`, `direccion_residencia`, `telf_movil`, `telf_residencia`, `telf_trabajo`, `religion`, `vive_estudiante`, `foto`) VALUES
	(1, 'nileida', 'servita', '9240076', 'V', '2023-02-08', '56', 'VEN', 'N', 'N', 'test', 'test', '', 'test', '12345678', '', '', '', 'Y', NULL),
	(2, 'nileida', 'servita', '9240076', 'V', '2023-01-30', '55', 'VEN', 'C', 'U', 'test', 'test', 'test', 'test', '04247104587', '', '', '', 'Y', NULL),
	(3, 'nileida', 'servita', '9240076', 'V', '2023-02-09', '56', 'VEN', 'C', 'U', 'profesora de pre-escolar', 'unidad educativa blen san joan colinas', 'manualidades y musica', 'test', '5555', '5555', '5555', 'test', 'Y', NULL),
	(4, 'test', 'test', '9240076', 'V', '2023-02-14', '25', 'COL', 'S', 'B', 'test', 'test', 'test', 'test', '55555', '', '', '', 'Y', NULL),
	(5, 'nileida', 'servita', '9240076', 'E', '2023-03-13', '26', 'VEN', 'C', 'U', 'test', 'test', 'test', 'test', '555555', '55555', '55555', 'test', 'Y', NULL),
	(6, 'nileida', 'servita', '9240076', 'V', '2023-03-14', '55', 'VEN', 'S', 'B', 'test', 'test', 'test', 'test', '55555', '5555', '555555', 'test', 'Y', NULL),
	(7, 'nileida', 'servita', '9240079', 'V', '1963-01-16', '60', 'VEN', 'C', 'U', 'test', 'test', 'test', 'test', '4249727838', '0276115598', '0276115599', '4', 'Y', ''),
	(14, 'nileida', 'servita', '9240072', 'V', '1969-01-14', '54', 'VEN', 'S', 'P', 'test', 'test', 'test', 'test', '4249746852', '04271115587', '04271115587', '3', 'Y', 'C:xampphtdocsColegioVirgilioMedinamodelclass/../twp/Imagen de WhatsApp 2023-06-16 a las 09.55.58.jpg'),
	(26, 'nileida', 'servita', '9240032', 'V', '1966-01-18', '57', 'VEN', 'C', 'U', 'test', 'test', 'test', 'test', '4264720257', '02761114455', '02761114455', '4', 'Y', 'Imagen de WhatsApp 2023-06-16 a las 09.55.58.jpg'),
	(31, 'nileida', 'servita', '9240045', 'V', '1959-01-22', '64', 'VEN', 'C', 'U', 'test', 'test', 'test', 'test', '4249727836', '02764445566', '02764445566', '3', 'Y', 'Imagen de WhatsApp 2023-06-16 a las 09.55.58.jpg'),
	(32, 'nileida', 'servita', '9240078', 'V', '1968-01-23', '55', 'VEN', 'C', 'U', 'docente de preescolar', 'escuela', 'manualidades', 'test', '4249727852', '02761118645', '02761118645', '1', 'Y', 'Imagen de WhatsApp 2023-06-16 a las 09.55.58.jpg');

-- Volcando estructura para tabla cvm.materias
CREATE TABLE IF NOT EXISTS `materias` (
  `id` int(11) NOT NULL AUTO_INCREMENT,
  `materia` varchar(50) DEFAULT NULL,
  `descripcion` varchar(250) DEFAULT NULL,
  `icon` varchar(50) DEFAULT NULL,
  `img` varchar(100) DEFAULT NULL,
  KEY `Índice 1` (`id`)
) ENGINE=InnoDB AUTO_INCREMENT=14 DEFAULT CHARSET=utf8 COLLATE=utf8_unicode_ci;

-- Volcando datos para la tabla cvm.materias: ~12 rows (aproximadamente)
INSERT INTO `materias` (`id`, `materia`, `descripcion`, `icon`, `img`) VALUES
	(1, 'CASTELLANO', 'literatura', 'book.png', 'castellano.jpg'),
	(2, 'INGLES Y OTRAS LENGUAS EXTRANJERAS', 'idiomas', 'notebook.png', 'ingles.jpg'),
	(3, 'MATEMATICAS', 'ciencias de las matemáticas', 'calculadora.png', 'matematicas.jpg'),
	(4, 'EDUCACION FISICA', 'deportes y ejercicios', 'futbol.png', 'educacion_fisica.jpg'),
	(5, 'ARTE Y PATRIMONIO', 'ciencias artisticas', 'pintura.png', 'artes.jpg'),
	(6, 'CIENCIAS NATURALES', 'ciencias de la naturalesa', 'sprout.png', 'naturaleza.jpg'),
	(7, 'GEOGRAFIA, HISTORIA Y CIUDADANIA', 'historia universal', 'geography.png', 'geografia.jpg'),
	(8, 'FISICA', 'ciencias de la fisica', 'atom.png', 'fisica.jpg'),
	(9, 'QUIMICA', 'ciencias de la quimica', 'flask.png', 'quimica.jpg'),
	(10, 'BIOLOGIA', 'ciancias biológicas', 'dna.png', 'biologia.jpg'),
	(11, 'FORMACION PARA LA SOBERANIA NACIONAL', 'formacion para el trabajo', 'briefcase.png', 'formacion.jpg'),
	(12, 'CIENCIAS DE LA TIERRA', 'ciencias del ecosistema', 'solar-system.png', 'tierra.jpg');

-- Volcando estructura para tabla cvm.modulos
CREATE TABLE IF NOT EXISTS `modulos` (
  `id` int(11) NOT NULL AUTO_INCREMENT,
  `titulo` varchar(50) DEFAULT NULL,
  `descripcion` varchar(50) DEFAULT NULL,
  `status` enum('Y','N') DEFAULT NULL,
  KEY `Índice 1` (`id`)
) ENGINE=InnoDB AUTO_INCREMENT=4 DEFAULT CHARSET=utf8 COLLATE=utf8_unicode_ci;

-- Volcando datos para la tabla cvm.modulos: ~3 rows (aproximadamente)
INSERT INTO `modulos` (`id`, `titulo`, `descripcion`, `status`) VALUES
	(1, 'Inicio', 'Pagina principal', 'Y'),
	(2, 'Administracion', 'Administracion del Sistema', 'Y'),
	(3, 'Academicos', 'Gestion Académica', 'Y');

-- Volcando estructura para tabla cvm.municipios
CREATE TABLE IF NOT EXISTS `municipios` (
  `id_municipio` int(11) NOT NULL AUTO_INCREMENT,
  `id_estado` int(11) NOT NULL,
  `municipio` varchar(100) NOT NULL,
  PRIMARY KEY (`id_municipio`),
  KEY `id_estado` (`id_estado`),
  CONSTRAINT `municipios_ibfk_1` FOREIGN KEY (`id_estado`) REFERENCES `estados` (`id_estado`) ON DELETE CASCADE ON UPDATE CASCADE
) ENGINE=InnoDB AUTO_INCREMENT=463 DEFAULT CHARSET=utf8 COLLATE=utf8_general_ci;

-- Volcando datos para la tabla cvm.municipios: ~335 rows (aproximadamente)
INSERT INTO `municipios` (`id_municipio`, `id_estado`, `municipio`) VALUES
	(1, 1, 'Alto Orinoco'),
	(2, 1, 'Atabapo'),
	(3, 1, 'Atures'),
	(4, 1, 'Autana'),
	(5, 1, 'Manapiare'),
	(6, 1, 'Maroa'),
	(7, 1, 'Río Negro'),
	(8, 2, 'Anaco'),
	(9, 2, 'Aragua'),
	(10, 2, 'Manuel Ezequiel Bruzual'),
	(11, 2, 'Diego Bautista Urbaneja'),
	(12, 2, 'Fernando Peñalver'),
	(13, 2, 'Francisco Del Carmen Carvajal'),
	(14, 2, 'General Sir Arthur McGregor'),
	(15, 2, 'Guanta'),
	(16, 2, 'Independencia'),
	(17, 2, 'José Gregorio Monagas'),
	(18, 2, 'Juan Antonio Sotillo'),
	(19, 2, 'Juan Manuel Cajigal'),
	(20, 2, 'Libertad'),
	(21, 2, 'Francisco de Miranda'),
	(22, 2, 'Pedro María Freites'),
	(23, 2, 'Píritu'),
	(24, 2, 'San José de Guanipa'),
	(25, 2, 'San Juan de Capistrano'),
	(26, 2, 'Santa Ana'),
	(27, 2, 'Simón Bolívar'),
	(28, 2, 'Simón Rodríguez'),
	(29, 3, 'Achaguas'),
	(30, 3, 'Biruaca'),
	(31, 3, 'Muñóz'),
	(32, 3, 'Páez'),
	(33, 3, 'Pedro Camejo'),
	(34, 3, 'Rómulo Gallegos'),
	(35, 3, 'San Fernando'),
	(36, 4, 'Atanasio Girardot'),
	(37, 4, 'Bolívar'),
	(38, 4, 'Camatagua'),
	(39, 4, 'Francisco Linares Alcántara'),
	(40, 4, 'José Ángel Lamas'),
	(41, 4, 'José Félix Ribas'),
	(42, 4, 'José Rafael Revenga'),
	(43, 4, 'Libertador'),
	(44, 4, 'Mario Briceño Iragorry'),
	(45, 4, 'Ocumare de la Costa de Oro'),
	(46, 4, 'San Casimiro'),
	(47, 4, 'San Sebastián'),
	(48, 4, 'Santiago Mariño'),
	(49, 4, 'Santos Michelena'),
	(50, 4, 'Sucre'),
	(51, 4, 'Tovar'),
	(52, 4, 'Urdaneta'),
	(53, 4, 'Zamora'),
	(54, 5, 'Alberto Arvelo Torrealba'),
	(55, 5, 'Andrés Eloy Blanco'),
	(56, 5, 'Antonio José de Sucre'),
	(57, 5, 'Arismendi'),
	(58, 5, 'Barinas'),
	(59, 5, 'Bolívar'),
	(60, 5, 'Cruz Paredes'),
	(61, 5, 'Ezequiel Zamora'),
	(62, 5, 'Obispos'),
	(63, 5, 'Pedraza'),
	(64, 5, 'Rojas'),
	(65, 5, 'Sosa'),
	(66, 6, 'Caroní'),
	(67, 6, 'Cedeño'),
	(68, 6, 'El Callao'),
	(69, 6, 'Gran Sabana'),
	(70, 6, 'Heres'),
	(71, 6, 'Piar'),
	(72, 6, 'Angostura (Raúl Leoni)'),
	(73, 6, 'Roscio'),
	(74, 6, 'Sifontes'),
	(75, 6, 'Sucre'),
	(76, 6, 'Padre Pedro Chien'),
	(77, 7, 'Bejuma'),
	(78, 7, 'Carlos Arvelo'),
	(79, 7, 'Diego Ibarra'),
	(80, 7, 'Guacara'),
	(81, 7, 'Juan José Mora'),
	(82, 7, 'Libertador'),
	(83, 7, 'Los Guayos'),
	(84, 7, 'Miranda'),
	(85, 7, 'Montalbán'),
	(86, 7, 'Naguanagua'),
	(87, 7, 'Puerto Cabello'),
	(88, 7, 'San Diego'),
	(89, 7, 'San Joaquín'),
	(90, 7, 'Valencia'),
	(91, 8, 'Anzoátegui'),
	(92, 8, 'Tinaquillo'),
	(93, 8, 'Girardot'),
	(94, 8, 'Lima Blanco'),
	(95, 8, 'Pao de San Juan Bautista'),
	(96, 8, 'Ricaurte'),
	(97, 8, 'Rómulo Gallegos'),
	(98, 8, 'San Carlos'),
	(99, 8, 'Tinaco'),
	(100, 9, 'Antonio Díaz'),
	(101, 9, 'Casacoima'),
	(102, 9, 'Pedernales'),
	(103, 9, 'Tucupita'),
	(104, 10, 'Acosta'),
	(105, 10, 'Bolívar'),
	(106, 10, 'Buchivacoa'),
	(107, 10, 'Cacique Manaure'),
	(108, 10, 'Carirubana'),
	(109, 10, 'Colina'),
	(110, 10, 'Dabajuro'),
	(111, 10, 'Democracia'),
	(112, 10, 'Falcón'),
	(113, 10, 'Federación'),
	(114, 10, 'Jacura'),
	(115, 10, 'José Laurencio Silva'),
	(116, 10, 'Los Taques'),
	(117, 10, 'Mauroa'),
	(118, 10, 'Miranda'),
	(119, 10, 'Monseñor Iturriza'),
	(120, 10, 'Palmasola'),
	(121, 10, 'Petit'),
	(122, 10, 'Píritu'),
	(123, 10, 'San Francisco'),
	(124, 10, 'Sucre'),
	(125, 10, 'Tocópero'),
	(126, 10, 'Unión'),
	(127, 10, 'Urumaco'),
	(128, 10, 'Zamora'),
	(129, 11, 'Camaguán'),
	(130, 11, 'Chaguaramas'),
	(131, 11, 'El Socorro'),
	(132, 11, 'José Félix Ribas'),
	(133, 11, 'José Tadeo Monagas'),
	(134, 11, 'Juan Germán Roscio'),
	(135, 11, 'Julián Mellado'),
	(136, 11, 'Las Mercedes'),
	(137, 11, 'Leonardo Infante'),
	(138, 11, 'Pedro Zaraza'),
	(139, 11, 'Ortíz'),
	(140, 11, 'San Gerónimo de Guayabal'),
	(141, 11, 'San José de Guaribe'),
	(142, 11, 'Santa María de Ipire'),
	(143, 11, 'Sebastián Francisco de Miranda'),
	(144, 12, 'Andrés Eloy Blanco'),
	(145, 12, 'Crespo'),
	(146, 12, 'Iribarren'),
	(147, 12, 'Jiménez'),
	(148, 12, 'Morán'),
	(149, 12, 'Palavecino'),
	(150, 12, 'Simón Planas'),
	(151, 12, 'Torres'),
	(152, 12, 'Urdaneta'),
	(179, 13, 'Alberto Adriani'),
	(180, 13, 'Andrés Bello'),
	(181, 13, 'Antonio Pinto Salinas'),
	(182, 13, 'Aricagua'),
	(183, 13, 'Arzobispo Chacón'),
	(184, 13, 'Campo Elías'),
	(185, 13, 'Caracciolo Parra Olmedo'),
	(186, 13, 'Cardenal Quintero'),
	(187, 13, 'Guaraque'),
	(188, 13, 'Julio César Salas'),
	(189, 13, 'Justo Briceño'),
	(190, 13, 'Libertador'),
	(191, 13, 'Miranda'),
	(192, 13, 'Obispo Ramos de Lora'),
	(193, 13, 'Padre Noguera'),
	(194, 13, 'Pueblo Llano'),
	(195, 13, 'Rangel'),
	(196, 13, 'Rivas Dávila'),
	(197, 13, 'Santos Marquina'),
	(198, 13, 'Sucre'),
	(199, 13, 'Tovar'),
	(200, 13, 'Tulio Febres Cordero'),
	(201, 13, 'Zea'),
	(223, 14, 'Acevedo'),
	(224, 14, 'Andrés Bello'),
	(225, 14, 'Baruta'),
	(226, 14, 'Brión'),
	(227, 14, 'Buroz'),
	(228, 14, 'Carrizal'),
	(229, 14, 'Chacao'),
	(230, 14, 'Cristóbal Rojas'),
	(231, 14, 'El Hatillo'),
	(232, 14, 'Guaicaipuro'),
	(233, 14, 'Independencia'),
	(234, 14, 'Lander'),
	(235, 14, 'Los Salias'),
	(236, 14, 'Páez'),
	(237, 14, 'Paz Castillo'),
	(238, 14, 'Pedro Gual'),
	(239, 14, 'Plaza'),
	(240, 14, 'Simón Bolívar'),
	(241, 14, 'Sucre'),
	(242, 14, 'Urdaneta'),
	(243, 14, 'Zamora'),
	(258, 15, 'Acosta'),
	(259, 15, 'Aguasay'),
	(260, 15, 'Bolívar'),
	(261, 15, 'Caripe'),
	(262, 15, 'Cedeño'),
	(263, 15, 'Ezequiel Zamora'),
	(264, 15, 'Libertador'),
	(265, 15, 'Maturín'),
	(266, 15, 'Piar'),
	(267, 15, 'Punceres'),
	(268, 15, 'Santa Bárbara'),
	(269, 15, 'Sotillo'),
	(270, 15, 'Uracoa'),
	(271, 16, 'Antolín del Campo'),
	(272, 16, 'Arismendi'),
	(273, 16, 'García'),
	(274, 16, 'Gómez'),
	(275, 16, 'Maneiro'),
	(276, 16, 'Marcano'),
	(277, 16, 'Mariño'),
	(278, 16, 'Península de Macanao'),
	(279, 16, 'Tubores'),
	(280, 16, 'Villalba'),
	(281, 16, 'Díaz'),
	(282, 17, 'Agua Blanca'),
	(283, 17, 'Araure'),
	(284, 17, 'Esteller'),
	(285, 17, 'Guanare'),
	(286, 17, 'Guanarito'),
	(287, 17, 'Monseñor José Vicente de Unda'),
	(288, 17, 'Ospino'),
	(289, 17, 'Páez'),
	(290, 17, 'Papelón'),
	(291, 17, 'San Genaro de Boconoíto'),
	(292, 17, 'San Rafael de Onoto'),
	(293, 17, 'Santa Rosalía'),
	(294, 17, 'Sucre'),
	(295, 17, 'Turén'),
	(296, 18, 'Andrés Eloy Blanco'),
	(297, 18, 'Andrés Mata'),
	(298, 18, 'Arismendi'),
	(299, 18, 'Benítez'),
	(300, 18, 'Bermúdez'),
	(301, 18, 'Bolívar'),
	(302, 18, 'Cajigal'),
	(303, 18, 'Cruz Salmerón Acosta'),
	(304, 18, 'Libertador'),
	(305, 18, 'Mariño'),
	(306, 18, 'Mejía'),
	(307, 18, 'Montes'),
	(308, 18, 'Ribero'),
	(309, 18, 'Sucre'),
	(310, 18, 'Valdéz'),
	(341, 19, 'Andrés Bello'),
	(342, 19, 'Antonio Rómulo Costa'),
	(343, 19, 'Ayacucho'),
	(344, 19, 'Bolívar'),
	(345, 19, 'Cárdenas'),
	(346, 19, 'Córdoba'),
	(347, 19, 'Fernández Feo'),
	(348, 19, 'Francisco de Miranda'),
	(349, 19, 'García de Hevia'),
	(350, 19, 'Guásimos'),
	(351, 19, 'Independencia'),
	(352, 19, 'Jáuregui'),
	(353, 19, 'José María Vargas'),
	(354, 19, 'Junín'),
	(355, 19, 'Libertad'),
	(356, 19, 'Libertador'),
	(357, 19, 'Lobatera'),
	(358, 19, 'Michelena'),
	(359, 19, 'Panamericano'),
	(360, 19, 'Pedro María Ureña'),
	(361, 19, 'Rafael Urdaneta'),
	(362, 19, 'Samuel Darío Maldonado'),
	(363, 19, 'San Cristóbal'),
	(364, 19, 'Seboruco'),
	(365, 19, 'Simón Rodríguez'),
	(366, 19, 'Sucre'),
	(367, 19, 'Torbes'),
	(368, 19, 'Uribante'),
	(369, 19, 'San Judas Tadeo'),
	(370, 20, 'Andrés Bello'),
	(371, 20, 'Boconó'),
	(372, 20, 'Bolívar'),
	(373, 20, 'Candelaria'),
	(374, 20, 'Carache'),
	(375, 20, 'Escuque'),
	(376, 20, 'José Felipe Márquez Cañizalez'),
	(377, 20, 'Juan Vicente Campos Elías'),
	(378, 20, 'La Ceiba'),
	(379, 20, 'Miranda'),
	(380, 20, 'Monte Carmelo'),
	(381, 20, 'Motatán'),
	(382, 20, 'Pampán'),
	(383, 20, 'Pampanito'),
	(384, 20, 'Rafael Rangel'),
	(385, 20, 'San Rafael de Carvajal'),
	(386, 20, 'Sucre'),
	(387, 20, 'Trujillo'),
	(388, 20, 'Urdaneta'),
	(389, 20, 'Valera'),
	(390, 21, 'Vargas'),
	(391, 22, 'Arístides Bastidas'),
	(392, 22, 'Bolívar'),
	(407, 22, 'Bruzual'),
	(408, 22, 'Cocorote'),
	(409, 22, 'Independencia'),
	(410, 22, 'José Antonio Páez'),
	(411, 22, 'La Trinidad'),
	(412, 22, 'Manuel Monge'),
	(413, 22, 'Nirgua'),
	(414, 22, 'Peña'),
	(415, 22, 'San Felipe'),
	(416, 22, 'Sucre'),
	(417, 22, 'Urachiche'),
	(418, 22, 'José Joaquín Veroes'),
	(441, 23, 'Almirante Padilla'),
	(442, 23, 'Baralt'),
	(443, 23, 'Cabimas'),
	(444, 23, 'Catatumbo'),
	(445, 23, 'Colón'),
	(446, 23, 'Francisco Javier Pulgar'),
	(447, 23, 'Páez'),
	(448, 23, 'Jesús Enrique Losada'),
	(449, 23, 'Jesús María Semprún'),
	(450, 23, 'La Cañada de Urdaneta'),
	(451, 23, 'Lagunillas'),
	(452, 23, 'Machiques de Perijá'),
	(453, 23, 'Mara'),
	(454, 23, 'Maracaibo'),
	(455, 23, 'Miranda'),
	(456, 23, 'Rosario de Perijá'),
	(457, 23, 'San Francisco'),
	(458, 23, 'Santa Rita'),
	(459, 23, 'Simón Bolívar'),
	(460, 23, 'Sucre'),
	(461, 23, 'Valmore Rodríguez'),
	(462, 24, 'Libertador');

-- Volcando estructura para tabla cvm.notas
CREATE TABLE IF NOT EXISTS `notas` (
  `id` int(11) NOT NULL AUTO_INCREMENT,
  `nota` int(11) DEFAULT NULL,
  `id_periodo` int(11) DEFAULT NULL,
  `id_planificacion` int(11) DEFAULT NULL,
  `id_materia` int(11) DEFAULT NULL,
  `id_lapso` int(11) DEFAULT NULL,
  `id_estudiante` int(11) DEFAULT NULL,
  KEY `Índice 1` (`id`)
) ENGINE=InnoDB DEFAULT CHARSET=utf8 COLLATE=utf8_unicode_ci;

-- Volcando datos para la tabla cvm.notas: ~0 rows (aproximadamente)

-- Volcando estructura para tabla cvm.notas_acumulativas
CREATE TABLE IF NOT EXISTS `notas_acumulativas` (
  `id` int(11) NOT NULL AUTO_INCREMENT,
  `nota` int(11) DEFAULT 0,
  `id_estudiante` int(11) DEFAULT 0,
  `id_planificacion_actividades` int(11) DEFAULT 0,
  KEY `Índice 1` (`id`)
) ENGINE=InnoDB DEFAULT CHARSET=utf8mb4 COLLATE=utf8mb4_unicode_ci;

-- Volcando datos para la tabla cvm.notas_acumulativas: ~0 rows (aproximadamente)

-- Volcando estructura para tabla cvm.notas_recuperativas
CREATE TABLE IF NOT EXISTS `notas_recuperativas` (
  `id` int(11) NOT NULL AUTO_INCREMENT,
  `nota_recuperativa` int(11) DEFAULT NULL,
  `estatus` enum('Y','N') DEFAULT NULL,
  `id_nota` int(11) DEFAULT NULL,
  KEY `Índice 1` (`id`)
) ENGINE=InnoDB DEFAULT CHARSET=utf8 COLLATE=utf8_unicode_ci;

-- Volcando datos para la tabla cvm.notas_recuperativas: ~0 rows (aproximadamente)

-- Volcando estructura para tabla cvm.padres
CREATE TABLE IF NOT EXISTS `padres` (
  `id` int(11) NOT NULL AUTO_INCREMENT,
  `nombre` varchar(50) DEFAULT NULL,
  `apellido` varchar(50) DEFAULT NULL,
  `cedula` varchar(50) DEFAULT NULL,
  `tipo_documento` enum('V','E') DEFAULT NULL,
  `fecha_nacimiento` date DEFAULT NULL,
  `edad` varchar(50) DEFAULT NULL,
  `nacionalidad` enum('VEN','COL') DEFAULT NULL,
  `estado_civil` enum('N','C','S') DEFAULT NULL,
  `nivel_instruccion` enum('N','B','U','P') DEFAULT NULL,
  `ocupacion` varchar(250) NOT NULL,
  `lugar_trabajo` varchar(250) DEFAULT NULL,
  `habilidad` varchar(250) DEFAULT NULL,
  `direccion_residencia` varchar(250) DEFAULT NULL,
  `telf_movil` varchar(50) DEFAULT NULL,
  `telf_residencia` varchar(50) DEFAULT NULL,
  `telf_trabajo` varchar(50) DEFAULT NULL,
  `religion` varchar(50) DEFAULT NULL,
  `vive_estudiante` enum('Y','N') DEFAULT NULL,
  `foto` varchar(100) DEFAULT NULL,
  KEY `Índice 1` (`id`) USING BTREE
) ENGINE=InnoDB AUTO_INCREMENT=33 DEFAULT CHARSET=utf8 COLLATE=utf8_unicode_ci ROW_FORMAT=DYNAMIC;

-- Volcando datos para la tabla cvm.padres: ~11 rows (aproximadamente)
INSERT INTO `padres` (`id`, `nombre`, `apellido`, `cedula`, `tipo_documento`, `fecha_nacimiento`, `edad`, `nacionalidad`, `estado_civil`, `nivel_instruccion`, `ocupacion`, `lugar_trabajo`, `habilidad`, `direccion_residencia`, `telf_movil`, `telf_residencia`, `telf_trabajo`, `religion`, `vive_estudiante`, `foto`) VALUES
	(1, 'moises', 'duran', '9727838', 'V', '2023-02-09', '57', 'VEN', 'N', 'N', 'test', 'test', '', 'test', '555555555', '', '', '', 'Y', NULL),
	(2, 'moises', 'duran', '9727838', 'V', '2023-02-18', '56', 'VEN', 'C', 'P', 'test', 'test', 'test', 'test', '0424', '', '', '', 'Y', NULL),
	(3, 'moises', 'duran', '9727838', 'V', '2023-02-05', '57', 'VEN', 'C', 'P', 'directo ipas', 'IPASME', 'test', 'tetstt', '5555', '5555', '5555', 'test', 'Y', NULL),
	(4, 'moises', 'duran', '9727838', 'V', '2023-02-23', '555', 'COL', 'S', 'B', 'test', 'test', 'test', 'test', '5555', '', '', '', 'Y', NULL),
	(5, 'moises', 'duran', '555555', 'E', '2023-03-15', '26', 'VEN', 'C', 'U', 'test', 'test', 'tes', 'test', '555555', '55555', '55555', '555555', 'Y', NULL),
	(6, 'moises', 'duran', '5555', 'E', '2023-03-22', '20', 'VEN', 'S', 'U', 'test', 'test', 'test', 'test', '5555', '5555', '5555', 'test', 'Y', NULL),
	(7, 'moises', 'duran', '9224717', 'V', '1967-01-18', '56', 'VEN', 'C', 'P', 'test', 'test', 'test', 'test', '4249788756', '02761115598', '02761115599', '4', 'Y', ''),
	(14, 'moises', 'duran', '9224714', 'V', '1966-01-12', '57', 'VEN', 'C', 'P', 'test', 'test', 'test', 'test', '4249788732', '02763355789', '02763355789', '3', 'Y', 'C:xampphtdocsColegioVirgilioMedinamodelclass/../twp/WIN_20230519_18_29_39_Pro.jpg'),
	(26, 'moises', 'duran', '9224718', 'V', '1964-01-15', '59', 'VEN', 'C', 'P', 'test', 'test', 'test', 'test', '4264720256', '02761114455', '02761114455', '4', 'Y', 'WIN_20230519_18_29_39_Pro.jpg'),
	(31, 'moises', 'duran', '9224712', 'V', '1966-01-12', '57', 'VEN', 'C', 'P', 'test', 'test', 'test', 'test', '4249788712', '02764445566', '02764445566', '4', 'Y', 'WIN_20230519_18_29_39_Pro.jpg'),
	(32, 'moises', 'duran', '9224715', 'V', '1958-01-20', '65', 'VEN', 'C', 'P', 'eden', 'ipas', 'musica', 'test', '4249788751', '02764567893', '02764567893', '1', 'Y', 'WIN_20230519_18_29_39_Pro.jpg');

-- Volcando estructura para tabla cvm.paises
CREATE TABLE IF NOT EXISTS `paises` (
  `id` int(11) NOT NULL AUTO_INCREMENT,
  `iso` char(2) NOT NULL,
  `name` varchar(80) NOT NULL,
  `nicename` varchar(80) NOT NULL,
  `iso3` char(3) DEFAULT NULL,
  `numcode` smallint(6) DEFAULT NULL,
  `phonecode` int(5) NOT NULL,
  `zona` enum('LATAM','WORLD') DEFAULT NULL,
  PRIMARY KEY (`id`)
) ENGINE=MyISAM AUTO_INCREMENT=240 DEFAULT CHARSET=latin1 COLLATE=latin1_swedish_ci;

-- Volcando datos para la tabla cvm.paises: 239 rows
/*!40000 ALTER TABLE `paises` DISABLE KEYS */;
INSERT INTO `paises` (`id`, `iso`, `name`, `nicename`, `iso3`, `numcode`, `phonecode`, `zona`) VALUES
	(1, 'AF', 'AFGHANISTAN', 'Afghanistan', 'AFG', 4, 93, NULL),
	(2, 'AL', 'ALBANIA', 'Albania', 'ALB', 8, 355, NULL),
	(3, 'DZ', 'ALGERIA', 'Algeria', 'DZA', 12, 213, NULL),
	(4, 'AS', 'AMERICAN SAMOA', 'American Samoa', 'ASM', 16, 1684, NULL),
	(5, 'AD', 'ANDORRA', 'Andorra', 'AND', 20, 376, NULL),
	(6, 'AO', 'ANGOLA', 'Angola', 'AGO', 24, 244, NULL),
	(7, 'AI', 'ANGUILLA', 'Anguilla', 'AIA', 660, 1264, NULL),
	(8, 'AQ', 'ANTARCTICA', 'Antarctica', NULL, NULL, 0, NULL),
	(9, 'AG', 'ANTIGUA AND BARBUDA', 'Antigua and Barbuda', 'ATG', 28, 1268, NULL),
	(10, 'AR', 'ARGENTINA', 'Argentina', 'ARG', 32, 54, 'LATAM'),
	(11, 'AM', 'ARMENIA', 'Armenia', 'ARM', 51, 374, NULL),
	(12, 'AW', 'ARUBA', 'Aruba', 'ABW', 533, 297, NULL),
	(13, 'AU', 'AUSTRALIA', 'Australia', 'AUS', 36, 61, NULL),
	(14, 'AT', 'AUSTRIA', 'Austria', 'AUT', 40, 43, NULL),
	(15, 'AZ', 'AZERBAIJAN', 'Azerbaijan', 'AZE', 31, 994, NULL),
	(16, 'BS', 'BAHAMAS', 'Bahamas', 'BHS', 44, 1242, NULL),
	(17, 'BH', 'BAHRAIN', 'Bahrain', 'BHR', 48, 973, NULL),
	(18, 'BD', 'BANGLADESH', 'Bangladesh', 'BGD', 50, 880, NULL),
	(19, 'BB', 'BARBADOS', 'Barbados', 'BRB', 52, 1246, NULL),
	(20, 'BY', 'BELARUS', 'Belarus', 'BLR', 112, 375, NULL),
	(21, 'BE', 'BELGIUM', 'Belgium', 'BEL', 56, 32, NULL),
	(22, 'BZ', 'BELIZE', 'Belize', 'BLZ', 84, 501, 'LATAM'),
	(23, 'BJ', 'BENIN', 'Benin', 'BEN', 204, 229, NULL),
	(24, 'BM', 'BERMUDA', 'Bermuda', 'BMU', 60, 1441, NULL),
	(25, 'BT', 'BHUTAN', 'Bhutan', 'BTN', 64, 975, NULL),
	(26, 'BO', 'BOLIVIA', 'Bolivia', 'BOL', 68, 591, 'LATAM'),
	(27, 'BA', 'BOSNIA AND HERZEGOVINA', 'Bosnia and Herzegovina', 'BIH', 70, 387, NULL),
	(28, 'BW', 'BOTSWANA', 'Botswana', 'BWA', 72, 267, NULL),
	(29, 'BV', 'BOUVET ISLAND', 'Bouvet Island', NULL, NULL, 0, NULL),
	(30, 'BR', 'BRASIL', 'Brasil', 'BRA', 76, 55, 'LATAM'),
	(31, 'IO', 'BRITISH INDIAN OCEAN TERRITORY', 'British Indian Ocean Territory', NULL, NULL, 246, NULL),
	(32, 'BN', 'BRUNEI DARUSSALAM', 'Brunei Darussalam', 'BRN', 96, 673, NULL),
	(33, 'BG', 'BULGARIA', 'Bulgaria', 'BGR', 100, 359, NULL),
	(34, 'BF', 'BURKINA FASO', 'Burkina Faso', 'BFA', 854, 226, NULL),
	(35, 'BI', 'BURUNDI', 'Burundi', 'BDI', 108, 257, NULL),
	(36, 'KH', 'CAMBODIA', 'Cambodia', 'KHM', 116, 855, NULL),
	(37, 'CM', 'CAMEROON', 'Cameroon', 'CMR', 120, 237, NULL),
	(38, 'CA', 'CANADA', 'Canada', 'CAN', 124, 1, NULL),
	(39, 'CV', 'CAPE VERDE', 'Cape Verde', 'CPV', 132, 238, NULL),
	(40, 'KY', 'CAYMAN ISLANDS', 'Cayman Islands', 'CYM', 136, 1345, NULL),
	(41, 'CF', 'CENTRAL AFRICAN REPUBLIC', 'Central African Republic', 'CAF', 140, 236, NULL),
	(42, 'TD', 'CHAD', 'Chad', 'TCD', 148, 235, NULL),
	(43, 'CL', 'CHILE', 'Chile', 'CHL', 152, 56, 'LATAM'),
	(44, 'CN', 'CHINA', 'China', 'CHN', 156, 86, NULL),
	(45, 'CX', 'CHRISTMAS ISLAND', 'Christmas Island', NULL, NULL, 61, NULL),
	(46, 'CC', 'COCOS (KEELING) ISLANDS', 'Cocos (Keeling) Islands', NULL, NULL, 672, NULL),
	(47, 'CO', 'COLOMBIA', 'Colombia', 'COL', 170, 57, 'LATAM'),
	(48, 'KM', 'COMOROS', 'Comoros', 'COM', 174, 269, NULL),
	(49, 'CG', 'CONGO', 'Congo', 'COG', 178, 242, NULL),
	(50, 'CD', 'CONGO, THE DEMOCRATIC REPUBLIC OF THE', 'Congo, the Democratic Republic of the', 'COD', 180, 242, NULL),
	(51, 'CK', 'COOK ISLANDS', 'Cook Islands', 'COK', 184, 682, NULL),
	(52, 'CR', 'COSTA RICA', 'Costa Rica', 'CRI', 188, 506, 'LATAM'),
	(53, 'CI', 'COTE D\'IVOIRE', 'Cote D\'Ivoire', 'CIV', 384, 225, NULL),
	(54, 'HR', 'CROATIA', 'Croatia', 'HRV', 191, 385, NULL),
	(55, 'CU', 'CUBA', 'Cuba', 'CUB', 192, 53, 'LATAM'),
	(56, 'CY', 'CYPRUS', 'Cyprus', 'CYP', 196, 357, NULL),
	(57, 'CZ', 'CZECH REPUBLIC', 'Czech Republic', 'CZE', 203, 420, NULL),
	(58, 'DK', 'DENMARK', 'Denmark', 'DNK', 208, 45, NULL),
	(59, 'DJ', 'DJIBOUTI', 'Djibouti', 'DJI', 262, 253, NULL),
	(60, 'DM', 'DOMINICA', 'Dominica', 'DMA', 212, 1767, NULL),
	(61, 'DO', 'REPUBLICA DOMINICANA', 'Republica Dominicana', 'DOM', 214, 1809, 'LATAM'),
	(62, 'EC', 'ECUADOR', 'Ecuador', 'ECU', 218, 593, 'LATAM'),
	(63, 'EG', 'EGYPT', 'Egypt', 'EGY', 818, 20, NULL),
	(64, 'SV', 'EL SALVADOR', 'El Salvador', 'SLV', 222, 503, 'LATAM'),
	(65, 'GQ', 'EQUATORIAL GUINEA', 'Equatorial Guinea', 'GNQ', 226, 240, NULL),
	(66, 'ER', 'ERITREA', 'Eritrea', 'ERI', 232, 291, NULL),
	(67, 'EE', 'ESTONIA', 'Estonia', 'EST', 233, 372, NULL),
	(68, 'ET', 'ETHIOPIA', 'Ethiopia', 'ETH', 231, 251, NULL),
	(69, 'FK', 'FALKLAND ISLANDS (MALVINAS)', 'Falkland Islands (Malvinas)', 'FLK', 238, 500, NULL),
	(70, 'FO', 'FAROE ISLANDS', 'Faroe Islands', 'FRO', 234, 298, NULL),
	(71, 'FJ', 'FIJI', 'Fiji', 'FJI', 242, 679, NULL),
	(72, 'FI', 'FINLAND', 'Finland', 'FIN', 246, 358, NULL),
	(73, 'FR', 'FRANCE', 'France', 'FRA', 250, 33, NULL),
	(74, 'GF', 'FRENCH GUIANA', 'French Guiana', 'GUF', 254, 594, NULL),
	(75, 'PF', 'FRENCH POLYNESIA', 'French Polynesia', 'PYF', 258, 689, NULL),
	(76, 'TF', 'FRENCH SOUTHERN TERRITORIES', 'French Southern Territories', NULL, NULL, 0, NULL),
	(77, 'GA', 'GABON', 'Gabon', 'GAB', 266, 241, NULL),
	(78, 'GM', 'GAMBIA', 'Gambia', 'GMB', 270, 220, NULL),
	(79, 'GE', 'GEORGIA', 'Georgia', 'GEO', 268, 995, NULL),
	(80, 'DE', 'GERMANY', 'Germany', 'DEU', 276, 49, NULL),
	(81, 'GH', 'GHANA', 'Ghana', 'GHA', 288, 233, NULL),
	(82, 'GI', 'GIBRALTAR', 'Gibraltar', 'GIB', 292, 350, NULL),
	(83, 'GR', 'GREECE', 'Greece', 'GRC', 300, 30, NULL),
	(84, 'GL', 'GREENLAND', 'Greenland', 'GRL', 304, 299, NULL),
	(85, 'GD', 'GRENADA', 'Grenada', 'GRD', 308, 1473, NULL),
	(86, 'GP', 'GUADELOUPE', 'Guadeloupe', 'GLP', 312, 590, NULL),
	(87, 'GU', 'GUAM', 'Guam', 'GUM', 316, 1671, NULL),
	(88, 'GT', 'GUATEMALA', 'Guatemala', 'GTM', 320, 502, 'LATAM'),
	(89, 'GN', 'GUINEA', 'Guinea', 'GIN', 324, 224, NULL),
	(90, 'GW', 'GUINEA-BISSAU', 'Guinea-Bissau', 'GNB', 624, 245, NULL),
	(91, 'GY', 'GUYANA', 'Guyana', 'GUY', 328, 592, 'LATAM'),
	(92, 'HT', 'HAITI', 'Haiti', 'HTI', 332, 509, 'LATAM'),
	(93, 'HM', 'HEARD ISLAND AND MCDONALD ISLANDS', 'Heard Island and Mcdonald Islands', NULL, NULL, 0, NULL),
	(94, 'VA', 'HOLY SEE (VATICAN CITY STATE)', 'Holy See (Vatican City State)', 'VAT', 336, 39, NULL),
	(95, 'HN', 'HONDURAS', 'Honduras', 'HND', 340, 504, 'LATAM'),
	(96, 'HK', 'HONG KONG', 'Hong Kong', 'HKG', 344, 852, NULL),
	(97, 'HU', 'HUNGARY', 'Hungary', 'HUN', 348, 36, NULL),
	(98, 'IS', 'ICELAND', 'Iceland', 'ISL', 352, 354, NULL),
	(99, 'IN', 'INDIA', 'India', 'IND', 356, 91, NULL),
	(100, 'ID', 'INDONESIA', 'Indonesia', 'IDN', 360, 62, NULL),
	(101, 'IR', 'IRAN, ISLAMIC REPUBLIC OF', 'Iran, Islamic Republic of', 'IRN', 364, 98, NULL),
	(102, 'IQ', 'IRAQ', 'Iraq', 'IRQ', 368, 964, NULL),
	(103, 'IE', 'IRELAND', 'Ireland', 'IRL', 372, 353, NULL),
	(104, 'IL', 'ISRAEL', 'Israel', 'ISR', 376, 972, NULL),
	(105, 'IT', 'ITALY', 'Italy', 'ITA', 380, 39, NULL),
	(106, 'JM', 'JAMAICA', 'Jamaica', 'JAM', 388, 1876, NULL),
	(107, 'JP', 'JAPAN', 'Japan', 'JPN', 392, 81, NULL),
	(108, 'JO', 'JORDAN', 'Jordan', 'JOR', 400, 962, NULL),
	(109, 'KZ', 'KAZAKHSTAN', 'Kazakhstan', 'KAZ', 398, 7, NULL),
	(110, 'KE', 'KENYA', 'Kenya', 'KEN', 404, 254, NULL),
	(111, 'KI', 'KIRIBATI', 'Kiribati', 'KIR', 296, 686, NULL),
	(112, 'KP', 'KOREA, DEMOCRATIC PEOPLE\'S REPUBLIC OF', 'Korea, Democratic People\'s Republic of', 'PRK', 408, 850, NULL),
	(113, 'KR', 'KOREA, REPUBLIC OF', 'Korea, Republic of', 'KOR', 410, 82, NULL),
	(114, 'KW', 'KUWAIT', 'Kuwait', 'KWT', 414, 965, NULL),
	(115, 'KG', 'KYRGYZSTAN', 'Kyrgyzstan', 'KGZ', 417, 996, NULL),
	(116, 'LA', 'LAO PEOPLE\'S DEMOCRATIC REPUBLIC', 'Lao People\'s Democratic Republic', 'LAO', 418, 856, NULL),
	(117, 'LV', 'LATVIA', 'Latvia', 'LVA', 428, 371, NULL),
	(118, 'LB', 'LEBANON', 'Lebanon', 'LBN', 422, 961, NULL),
	(119, 'LS', 'LESOTHO', 'Lesotho', 'LSO', 426, 266, NULL),
	(120, 'LR', 'LIBERIA', 'Liberia', 'LBR', 430, 231, NULL),
	(121, 'LY', 'LIBYAN ARAB JAMAHIRIYA', 'Libyan Arab Jamahiriya', 'LBY', 434, 218, NULL),
	(122, 'LI', 'LIECHTENSTEIN', 'Liechtenstein', 'LIE', 438, 423, NULL),
	(123, 'LT', 'LITHUANIA', 'Lithuania', 'LTU', 440, 370, NULL),
	(124, 'LU', 'LUXEMBOURG', 'Luxembourg', 'LUX', 442, 352, NULL),
	(125, 'MO', 'MACAO', 'Macao', 'MAC', 446, 853, NULL),
	(126, 'MK', 'MACEDONIA, THE FORMER YUGOSLAV REPUBLIC OF', 'Macedonia, the Former Yugoslav Republic of', 'MKD', 807, 389, NULL),
	(127, 'MG', 'MADAGASCAR', 'Madagascar', 'MDG', 450, 261, NULL),
	(128, 'MW', 'MALAWI', 'Malawi', 'MWI', 454, 265, NULL),
	(129, 'MY', 'MALAYSIA', 'Malaysia', 'MYS', 458, 60, NULL),
	(130, 'MV', 'MALDIVES', 'Maldives', 'MDV', 462, 960, NULL),
	(131, 'ML', 'MALI', 'Mali', 'MLI', 466, 223, NULL),
	(132, 'MT', 'MALTA', 'Malta', 'MLT', 470, 356, NULL),
	(133, 'MH', 'MARSHALL ISLANDS', 'Marshall Islands', 'MHL', 584, 692, NULL),
	(134, 'MQ', 'MARTINIQUE', 'Martinique', 'MTQ', 474, 596, NULL),
	(135, 'MR', 'MAURITANIA', 'Mauritania', 'MRT', 478, 222, NULL),
	(136, 'MU', 'MAURITIUS', 'Mauritius', 'MUS', 480, 230, NULL),
	(137, 'YT', 'MAYOTTE', 'Mayotte', NULL, NULL, 269, NULL),
	(138, 'MX', 'MEXICO', 'Mexico', 'MEX', 484, 52, NULL),
	(139, 'FM', 'MICRONESIA, FEDERATED STATES OF', 'Micronesia, Federated States of', 'FSM', 583, 691, NULL),
	(140, 'MD', 'MOLDOVA, REPUBLIC OF', 'Moldova, Republic of', 'MDA', 498, 373, NULL),
	(141, 'MC', 'MONACO', 'Monaco', 'MCO', 492, 377, NULL),
	(142, 'MN', 'MONGOLIA', 'Mongolia', 'MNG', 496, 976, NULL),
	(143, 'MS', 'MONTSERRAT', 'Montserrat', 'MSR', 500, 1664, NULL),
	(144, 'MA', 'MOROCCO', 'Morocco', 'MAR', 504, 212, NULL),
	(145, 'MZ', 'MOZAMBIQUE', 'Mozambique', 'MOZ', 508, 258, NULL),
	(146, 'MM', 'MYANMAR', 'Myanmar', 'MMR', 104, 95, NULL),
	(147, 'NA', 'NAMIBIA', 'Namibia', 'NAM', 516, 264, NULL),
	(148, 'NR', 'NAURU', 'Nauru', 'NRU', 520, 674, NULL),
	(149, 'NP', 'NEPAL', 'Nepal', 'NPL', 524, 977, NULL),
	(150, 'NL', 'NETHERLANDS', 'Netherlands', 'NLD', 528, 31, NULL),
	(151, 'AN', 'NETHERLANDS ANTILLES', 'Netherlands Antilles', 'ANT', 530, 599, NULL),
	(152, 'NC', 'NEW CALEDONIA', 'New Caledonia', 'NCL', 540, 687, NULL),
	(153, 'NZ', 'NEW ZEALAND', 'New Zealand', 'NZL', 554, 64, NULL),
	(154, 'NI', 'NICARAGUA', 'Nicaragua', 'NIC', 558, 505, 'LATAM'),
	(155, 'NE', 'NIGER', 'Niger', 'NER', 562, 227, NULL),
	(156, 'NG', 'NIGERIA', 'Nigeria', 'NGA', 566, 234, NULL),
	(157, 'NU', 'NIUE', 'Niue', 'NIU', 570, 683, NULL),
	(158, 'NF', 'NORFOLK ISLAND', 'Norfolk Island', 'NFK', 574, 672, NULL),
	(159, 'MP', 'NORTHERN MARIANA ISLANDS', 'Northern Mariana Islands', 'MNP', 580, 1670, NULL),
	(160, 'NO', 'NORWAY', 'Norway', 'NOR', 578, 47, NULL),
	(161, 'OM', 'OMAN', 'Oman', 'OMN', 512, 968, NULL),
	(162, 'PK', 'PAKISTAN', 'Pakistan', 'PAK', 586, 92, NULL),
	(163, 'PW', 'PALAU', 'Palau', 'PLW', 585, 680, NULL),
	(164, 'PS', 'PALESTINIAN TERRITORY, OCCUPIED', 'Palestinian Territory, Occupied', NULL, NULL, 970, NULL),
	(165, 'PA', 'PANAMA', 'Panama', 'PAN', 591, 507, 'LATAM'),
	(166, 'PG', 'PAPUA NEW GUINEA', 'Papua New Guinea', 'PNG', 598, 675, NULL),
	(167, 'PY', 'PARAGUAY', 'Paraguay', 'PRY', 600, 595, 'LATAM'),
	(168, 'PE', 'PERU', 'Peru', 'PER', 604, 51, 'LATAM'),
	(169, 'PH', 'PHILIPPINES', 'Philippines', 'PHL', 608, 63, NULL),
	(170, 'PN', 'PITCAIRN', 'Pitcairn', 'PCN', 612, 0, NULL),
	(171, 'PL', 'POLAND', 'Poland', 'POL', 616, 48, NULL),
	(172, 'PT', 'PORTUGAL', 'Portugal', 'PRT', 620, 351, NULL),
	(173, 'PR', 'PUERTO RICO', 'Puerto Rico', 'PRI', 630, 1787, NULL),
	(174, 'QA', 'QATAR', 'Qatar', 'QAT', 634, 974, NULL),
	(175, 'RE', 'REUNION', 'Reunion', 'REU', 638, 262, NULL),
	(176, 'RO', 'ROMANIA', 'Romania', 'ROM', 642, 40, NULL),
	(177, 'RU', 'RUSSIAN FEDERATION', 'Russian Federation', 'RUS', 643, 70, NULL),
	(178, 'RW', 'RWANDA', 'Rwanda', 'RWA', 646, 250, NULL),
	(179, 'SH', 'SAINT HELENA', 'Saint Helena', 'SHN', 654, 290, NULL),
	(180, 'KN', 'SAINT KITTS AND NEVIS', 'Saint Kitts and Nevis', 'KNA', 659, 1869, NULL),
	(181, 'LC', 'SAINT LUCIA', 'Saint Lucia', 'LCA', 662, 1758, NULL),
	(182, 'PM', 'SAINT PIERRE AND MIQUELON', 'Saint Pierre and Miquelon', 'SPM', 666, 508, NULL),
	(183, 'VC', 'SAINT VINCENT AND THE GRENADINES', 'Saint Vincent and the Grenadines', 'VCT', 670, 1784, NULL),
	(184, 'WS', 'SAMOA', 'Samoa', 'WSM', 882, 684, NULL),
	(185, 'SM', 'SAN MARINO', 'San Marino', 'SMR', 674, 378, NULL),
	(186, 'ST', 'SAO TOME AND PRINCIPE', 'Sao Tome and Principe', 'STP', 678, 239, NULL),
	(187, 'SA', 'SAUDI ARABIA', 'Saudi Arabia', 'SAU', 682, 966, NULL),
	(188, 'SN', 'SENEGAL', 'Senegal', 'SEN', 686, 221, NULL),
	(189, 'CS', 'SERBIA AND MONTENEGRO', 'Serbia and Montenegro', NULL, NULL, 381, NULL),
	(190, 'SC', 'SEYCHELLES', 'Seychelles', 'SYC', 690, 248, NULL),
	(191, 'SL', 'SIERRA LEONE', 'Sierra Leone', 'SLE', 694, 232, NULL),
	(192, 'SG', 'SINGAPORE', 'Singapore', 'SGP', 702, 65, NULL),
	(193, 'SK', 'SLOVAKIA', 'Slovakia', 'SVK', 703, 421, NULL),
	(194, 'SI', 'SLOVENIA', 'Slovenia', 'SVN', 705, 386, NULL),
	(195, 'SB', 'SOLOMON ISLANDS', 'Solomon Islands', 'SLB', 90, 677, NULL),
	(196, 'SO', 'SOMALIA', 'Somalia', 'SOM', 706, 252, NULL),
	(197, 'ZA', 'SOUTH AFRICA', 'South Africa', 'ZAF', 710, 27, NULL),
	(198, 'GS', 'SOUTH GEORGIA AND THE SOUTH SANDWICH ISLANDS', 'South Georgia and the South Sandwich Islands', NULL, NULL, 0, NULL),
	(199, 'ES', 'SPAIN', 'Spain', 'ESP', 724, 34, NULL),
	(200, 'LK', 'SRI LANKA', 'Sri Lanka', 'LKA', 144, 94, NULL),
	(201, 'SD', 'SUDAN', 'Sudan', 'SDN', 736, 249, NULL),
	(202, 'SR', 'SURINAME', 'Suriname', 'SUR', 740, 597, 'LATAM'),
	(203, 'SJ', 'SVALBARD AND JAN MAYEN', 'Svalbard and Jan Mayen', 'SJM', 744, 47, NULL),
	(204, 'SZ', 'SWAZILAND', 'Swaziland', 'SWZ', 748, 268, NULL),
	(205, 'SE', 'SWEDEN', 'Sweden', 'SWE', 752, 46, NULL),
	(206, 'CH', 'SWITZERLAND', 'Switzerland', 'CHE', 756, 41, NULL),
	(207, 'SY', 'SYRIAN ARAB REPUBLIC', 'Syrian Arab Republic', 'SYR', 760, 963, NULL),
	(208, 'TW', 'TAIWAN, PROVINCE OF CHINA', 'Taiwan, Province of China', 'TWN', 158, 886, NULL),
	(209, 'TJ', 'TAJIKISTAN', 'Tajikistan', 'TJK', 762, 992, NULL),
	(210, 'TZ', 'TANZANIA, UNITED REPUBLIC OF', 'Tanzania, United Republic of', 'TZA', 834, 255, NULL),
	(211, 'TH', 'THAILAND', 'Thailand', 'THA', 764, 66, NULL),
	(212, 'TL', 'TIMOR-LESTE', 'Timor-Leste', NULL, NULL, 670, NULL),
	(213, 'TG', 'TOGO', 'Togo', 'TGO', 768, 228, NULL),
	(214, 'TK', 'TOKELAU', 'Tokelau', 'TKL', 772, 690, NULL),
	(215, 'TO', 'TONGA', 'Tonga', 'TON', 776, 676, NULL),
	(216, 'TT', 'TRINIDAD AND TOBAGO', 'Trinidad and Tobago', 'TTO', 780, 1868, NULL),
	(217, 'TN', 'TUNISIA', 'Tunisia', 'TUN', 788, 216, NULL),
	(218, 'TR', 'TURKEY', 'Turkey', 'TUR', 792, 90, NULL),
	(219, 'TM', 'TURKMENISTAN', 'Turkmenistan', 'TKM', 795, 7370, NULL),
	(220, 'TC', 'TURKS AND CAICOS ISLANDS', 'Turks and Caicos Islands', 'TCA', 796, 1649, NULL),
	(221, 'TV', 'TUVALU', 'Tuvalu', 'TUV', 798, 688, NULL),
	(222, 'UG', 'UGANDA', 'Uganda', 'UGA', 800, 256, NULL),
	(223, 'UA', 'UKRAINE', 'Ukraine', 'UKR', 804, 380, NULL),
	(224, 'AE', 'UNITED ARAB EMIRATES', 'United Arab Emirates', 'ARE', 784, 971, NULL),
	(225, 'GB', 'UNITED KINGDOM', 'United Kingdom', 'GBR', 826, 44, NULL),
	(226, 'US', 'UNITED STATES', 'United States', 'USA', 840, 1, NULL),
	(227, 'UM', 'UNITED STATES MINOR OUTLYING ISLANDS', 'United States Minor Outlying Islands', NULL, NULL, 1, NULL),
	(228, 'UY', 'URUGUAY', 'Uruguay', 'URY', 858, 598, 'LATAM'),
	(229, 'UZ', 'UZBEKISTAN', 'Uzbekistan', 'UZB', 860, 998, NULL),
	(230, 'VU', 'VANUATU', 'Vanuatu', 'VUT', 548, 678, NULL),
	(231, 'VE', 'VENEZUELA', 'Venezuela', 'VEN', 862, 58, 'LATAM'),
	(232, 'VN', 'VIET NAM', 'Viet Nam', 'VNM', 704, 84, NULL),
	(233, 'VG', 'VIRGIN ISLANDS, BRITISH', 'Virgin Islands, British', 'VGB', 92, 1284, NULL),
	(234, 'VI', 'VIRGIN ISLANDS, U.S.', 'Virgin Islands, U.s.', 'VIR', 850, 1340, NULL),
	(235, 'WF', 'WALLIS AND FUTUNA', 'Wallis and Futuna', 'WLF', 876, 681, NULL),
	(236, 'EH', 'WESTERN SAHARA', 'Western Sahara', 'ESH', 732, 212, NULL),
	(237, 'YE', 'YEMEN', 'Yemen', 'YEM', 887, 967, NULL),
	(238, 'ZM', 'ZAMBIA', 'Zambia', 'ZMB', 894, 260, NULL),
	(239, 'ZW', 'ZIMBABWE', 'Zimbabwe', 'ZWE', 716, 263, NULL);
/*!40000 ALTER TABLE `paises` ENABLE KEYS */;

-- Volcando estructura para tabla cvm.parametros
CREATE TABLE IF NOT EXISTS `parametros` (
  `id` int(11) DEFAULT NULL,
  `parametro` varchar(50) DEFAULT NULL,
  `status` enum('Y','N') DEFAULT NULL
) ENGINE=InnoDB DEFAULT CHARSET=utf8mb4 COLLATE=utf8mb4_general_ci;

-- Volcando datos para la tabla cvm.parametros: ~2 rows (aproximadamente)
INSERT INTO `parametros` (`id`, `parametro`, `status`) VALUES
	(1, 'MOBILE_RESTRICTION', 'Y'),
	(2, 'PRE_REGISTRO', 'Y');

-- Volcando estructura para tabla cvm.parroquias
CREATE TABLE IF NOT EXISTS `parroquias` (
  `id_parroquia` int(11) NOT NULL AUTO_INCREMENT,
  `id_municipio` int(11) NOT NULL,
  `parroquia` varchar(250) NOT NULL,
  PRIMARY KEY (`id_parroquia`),
  KEY `id_municipio` (`id_municipio`)
) ENGINE=InnoDB AUTO_INCREMENT=1139 DEFAULT CHARSET=utf8 COLLATE=utf8_general_ci;

-- Volcando datos para la tabla cvm.parroquias: ~1.374 rows (aproximadamente)
INSERT INTO `parroquias` (`id_parroquia`, `id_municipio`, `parroquia`) VALUES
	(1, 1, 'Alto Orinoco'),
	(2, 1, 'Huachamacare Acanaña'),
	(3, 1, 'Marawaka Toky Shamanaña'),
	(4, 1, 'Mavaka Mavaka'),
	(5, 1, 'Sierra Parima Parimabé'),
	(6, 2, 'Ucata Laja Lisa'),
	(7, 2, 'Yapacana Macuruco'),
	(8, 2, 'Caname Guarinuma'),
	(9, 3, 'Fernando Girón Tovar'),
	(10, 3, 'Luis Alberto Gómez'),
	(11, 3, 'Pahueña Limón de Parhueña'),
	(12, 3, 'Platanillal Platanillal'),
	(13, 4, 'Samariapo'),
	(14, 4, 'Sipapo'),
	(15, 4, 'Munduapo'),
	(16, 4, 'Guayapo'),
	(17, 5, 'Alto Ventuari'),
	(18, 5, 'Medio Ventuari'),
	(19, 5, 'Bajo Ventuari'),
	(20, 6, 'Victorino'),
	(21, 6, 'Comunidad'),
	(22, 7, 'Casiquiare'),
	(23, 7, 'Cocuy'),
	(24, 7, 'San Carlos de Río Negro'),
	(25, 7, 'Solano'),
	(26, 8, 'Anaco'),
	(27, 8, 'San Joaquín'),
	(28, 9, 'Cachipo'),
	(29, 9, 'Aragua de Barcelona'),
	(30, 11, 'Lechería'),
	(31, 11, 'El Morro'),
	(32, 12, 'Puerto Píritu'),
	(33, 12, 'San Miguel'),
	(34, 12, 'Sucre'),
	(35, 13, 'Valle de Guanape'),
	(36, 13, 'Santa Bárbara'),
	(37, 14, 'El Chaparro'),
	(38, 14, 'Tomás Alfaro'),
	(39, 14, 'Calatrava'),
	(40, 15, 'Guanta'),
	(41, 15, 'Chorrerón'),
	(42, 16, 'Mamo'),
	(43, 16, 'Soledad'),
	(44, 17, 'Mapire'),
	(45, 17, 'Piar'),
	(46, 17, 'Santa Clara'),
	(47, 17, 'San Diego de Cabrutica'),
	(48, 17, 'Uverito'),
	(49, 17, 'Zuata'),
	(50, 18, 'Puerto La Cruz'),
	(51, 18, 'Pozuelos'),
	(52, 19, 'Onoto'),
	(53, 19, 'San Pablo'),
	(54, 20, 'San Mateo'),
	(55, 20, 'El Carito'),
	(56, 20, 'Santa Inés'),
	(57, 20, 'La Romereña'),
	(58, 21, 'Atapirire'),
	(59, 21, 'Boca del Pao'),
	(60, 21, 'El Pao'),
	(61, 21, 'Pariaguán'),
	(62, 22, 'Cantaura'),
	(63, 22, 'Libertador'),
	(64, 22, 'Santa Rosa'),
	(65, 22, 'Urica'),
	(66, 23, 'Píritu'),
	(67, 23, 'San Francisco'),
	(68, 24, 'San José de Guanipa'),
	(69, 25, 'Boca de Uchire'),
	(70, 25, 'Boca de Chávez'),
	(71, 26, 'Pueblo Nuevo'),
	(72, 26, 'Santa Ana'),
	(73, 27, 'Bergantín'),
	(74, 27, 'Caigua'),
	(75, 27, 'El Carmen'),
	(76, 27, 'El Pilar'),
	(77, 27, 'Naricual'),
	(78, 27, 'San Crsitóbal'),
	(79, 28, 'Edmundo Barrios'),
	(80, 28, 'Miguel Otero Silva'),
	(81, 29, 'Achaguas'),
	(82, 29, 'Apurito'),
	(83, 29, 'El Yagual'),
	(84, 29, 'Guachara'),
	(85, 29, 'Mucuritas'),
	(86, 29, 'Queseras del medio'),
	(87, 30, 'Biruaca'),
	(88, 31, 'Bruzual'),
	(89, 31, 'Mantecal'),
	(90, 31, 'Quintero'),
	(91, 31, 'Rincón Hondo'),
	(92, 31, 'San Vicente'),
	(93, 32, 'Guasdualito'),
	(94, 32, 'Aramendi'),
	(95, 32, 'El Amparo'),
	(96, 32, 'San Camilo'),
	(97, 32, 'Urdaneta'),
	(98, 33, 'San Juan de Payara'),
	(99, 33, 'Codazzi'),
	(100, 33, 'Cunaviche'),
	(101, 34, 'Elorza'),
	(102, 34, 'La Trinidad'),
	(103, 35, 'San Fernando'),
	(104, 35, 'El Recreo'),
	(105, 35, 'Peñalver'),
	(106, 35, 'San Rafael de Atamaica'),
	(107, 36, 'Pedro José Ovalles'),
	(108, 36, 'Joaquín Crespo'),
	(109, 36, 'José Casanova Godoy'),
	(110, 36, 'Madre María de San José'),
	(111, 36, 'Andrés Eloy Blanco'),
	(112, 36, 'Los Tacarigua'),
	(113, 36, 'Las Delicias'),
	(114, 36, 'Choroní'),
	(115, 37, 'Bolívar'),
	(116, 38, 'Camatagua'),
	(117, 38, 'Carmen de Cura'),
	(118, 39, 'Santa Rita'),
	(119, 39, 'Francisco de Miranda'),
	(120, 39, 'Moseñor Feliciano González'),
	(121, 40, 'Santa Cruz'),
	(122, 41, 'José Félix Ribas'),
	(123, 41, 'Castor Nieves Ríos'),
	(124, 41, 'Las Guacamayas'),
	(125, 41, 'Pao de Zárate'),
	(126, 41, 'Zuata'),
	(127, 42, 'José Rafael Revenga'),
	(128, 43, 'Palo Negro'),
	(129, 43, 'San Martín de Porres'),
	(130, 44, 'El Limón'),
	(131, 44, 'Caña de Azúcar'),
	(132, 45, 'Ocumare de la Costa'),
	(133, 46, 'San Casimiro'),
	(134, 46, 'Güiripa'),
	(135, 46, 'Ollas de Caramacate'),
	(136, 46, 'Valle Morín'),
	(137, 47, 'San Sebastían'),
	(138, 48, 'Turmero'),
	(139, 48, 'Arevalo Aponte'),
	(140, 48, 'Chuao'),
	(141, 48, 'Samán de Güere'),
	(142, 48, 'Alfredo Pacheco Miranda'),
	(143, 49, 'Santos Michelena'),
	(144, 49, 'Tiara'),
	(145, 50, 'Cagua'),
	(146, 50, 'Bella Vista'),
	(147, 51, 'Tovar'),
	(148, 52, 'Urdaneta'),
	(149, 52, 'Las Peñitas'),
	(150, 52, 'San Francisco de Cara'),
	(151, 52, 'Taguay'),
	(152, 53, 'Zamora'),
	(153, 53, 'Magdaleno'),
	(154, 53, 'San Francisco de Asís'),
	(155, 53, 'Valles de Tucutunemo'),
	(156, 53, 'Augusto Mijares'),
	(157, 54, 'Sabaneta'),
	(158, 54, 'Juan Antonio Rodríguez Domínguez'),
	(159, 55, 'El Cantón'),
	(160, 55, 'Santa Cruz de Guacas'),
	(161, 55, 'Puerto Vivas'),
	(162, 56, 'Ticoporo'),
	(163, 56, 'Nicolás Pulido'),
	(164, 56, 'Andrés Bello'),
	(165, 57, 'Arismendi'),
	(166, 57, 'Guadarrama'),
	(167, 57, 'La Unión'),
	(168, 57, 'San Antonio'),
	(169, 58, 'Barinas'),
	(170, 58, 'Alberto Arvelo Larriva'),
	(171, 58, 'San Silvestre'),
	(172, 58, 'Santa Inés'),
	(173, 58, 'Santa Lucía'),
	(174, 58, 'Torumos'),
	(175, 58, 'El Carmen'),
	(176, 58, 'Rómulo Betancourt'),
	(177, 58, 'Corazón de Jesús'),
	(178, 58, 'Ramón Ignacio Méndez'),
	(179, 58, 'Alto Barinas'),
	(180, 58, 'Manuel Palacio Fajardo'),
	(181, 58, 'Juan Antonio Rodríguez Domínguez'),
	(182, 58, 'Dominga Ortiz de Páez'),
	(183, 59, 'Barinitas'),
	(184, 59, 'Altamira de Cáceres'),
	(185, 59, 'Calderas'),
	(186, 60, 'Barrancas'),
	(187, 60, 'El Socorro'),
	(188, 60, 'Mazparrito'),
	(189, 61, 'Santa Bárbara'),
	(190, 61, 'Pedro Briceño Méndez'),
	(191, 61, 'Ramón Ignacio Méndez'),
	(192, 61, 'José Ignacio del Pumar'),
	(193, 62, 'Obispos'),
	(194, 62, 'Guasimitos'),
	(195, 62, 'El Real'),
	(196, 62, 'La Luz'),
	(197, 63, 'Ciudad Bolívia'),
	(198, 63, 'José Ignacio Briceño'),
	(199, 63, 'José Félix Ribas'),
	(200, 63, 'Páez'),
	(201, 64, 'Libertad'),
	(202, 64, 'Dolores'),
	(203, 64, 'Santa Rosa'),
	(204, 64, 'Palacio Fajardo'),
	(205, 65, 'Ciudad de Nutrias'),
	(206, 65, 'El Regalo'),
	(207, 65, 'Puerto Nutrias'),
	(208, 65, 'Santa Catalina'),
	(209, 66, 'Cachamay'),
	(210, 66, 'Chirica'),
	(211, 66, 'Dalla Costa'),
	(212, 66, 'Once de Abril'),
	(213, 66, 'Simón Bolívar'),
	(214, 66, 'Unare'),
	(215, 66, 'Universidad'),
	(216, 66, 'Vista al Sol'),
	(217, 66, 'Pozo Verde'),
	(218, 66, 'Yocoima'),
	(219, 66, '5 de Julio'),
	(220, 67, 'Cedeño'),
	(221, 67, 'Altagracia'),
	(222, 67, 'Ascensión Farreras'),
	(223, 67, 'Guaniamo'),
	(224, 67, 'La Urbana'),
	(225, 67, 'Pijiguaos'),
	(226, 68, 'El Callao'),
	(227, 69, 'Gran Sabana'),
	(228, 69, 'Ikabarú'),
	(229, 70, 'Catedral'),
	(230, 70, 'Zea'),
	(231, 70, 'Orinoco'),
	(232, 70, 'José Antonio Páez'),
	(233, 70, 'Marhuanta'),
	(234, 70, 'Agua Salada'),
	(235, 70, 'Vista Hermosa'),
	(236, 70, 'La Sabanita'),
	(237, 70, 'Panapana'),
	(238, 71, 'Andrés Eloy Blanco'),
	(239, 71, 'Pedro Cova'),
	(240, 72, 'Raúl Leoni'),
	(241, 72, 'Barceloneta'),
	(242, 72, 'Santa Bárbara'),
	(243, 72, 'San Francisco'),
	(244, 73, 'Roscio'),
	(245, 73, 'Salóm'),
	(246, 74, 'Sifontes'),
	(247, 74, 'Dalla Costa'),
	(248, 74, 'San Isidro'),
	(249, 75, 'Sucre'),
	(250, 75, 'Aripao'),
	(251, 75, 'Guarataro'),
	(252, 75, 'Las Majadas'),
	(253, 75, 'Moitaco'),
	(254, 76, 'Padre Pedro Chien'),
	(255, 76, 'Río Grande'),
	(256, 77, 'Bejuma'),
	(257, 77, 'Canoabo'),
	(258, 77, 'Simón Bolívar'),
	(259, 78, 'Güigüe'),
	(260, 78, 'Carabobo'),
	(261, 78, 'Tacarigua'),
	(262, 79, 'Mariara'),
	(263, 79, 'Aguas Calientes'),
	(264, 80, 'Ciudad Alianza'),
	(265, 80, 'Guacara'),
	(266, 80, 'Yagua'),
	(267, 81, 'Morón'),
	(268, 81, 'Yagua'),
	(269, 82, 'Tocuyito'),
	(270, 82, 'Independencia'),
	(271, 83, 'Los Guayos'),
	(272, 84, 'Miranda'),
	(273, 85, 'Montalbán'),
	(274, 86, 'Naguanagua'),
	(275, 87, 'Bartolomé Salóm'),
	(276, 87, 'Democracia'),
	(277, 87, 'Fraternidad'),
	(278, 87, 'Goaigoaza'),
	(279, 87, 'Juan José Flores'),
	(280, 87, 'Unión'),
	(281, 87, 'Borburata'),
	(282, 87, 'Patanemo'),
	(283, 88, 'San Diego'),
	(284, 89, 'San Joaquín'),
	(285, 90, 'Candelaria'),
	(286, 90, 'Catedral'),
	(287, 90, 'El Socorro'),
	(288, 90, 'Miguel Peña'),
	(289, 90, 'Rafael Urdaneta'),
	(290, 90, 'San Blas'),
	(291, 90, 'San José'),
	(292, 90, 'Santa Rosa'),
	(293, 90, 'Negro Primero'),
	(294, 91, 'Cojedes'),
	(295, 91, 'Juan de Mata Suárez'),
	(296, 92, 'Tinaquillo'),
	(297, 93, 'El Baúl'),
	(298, 93, 'Sucre'),
	(299, 94, 'La Aguadita'),
	(300, 94, 'Macapo'),
	(301, 95, 'El Pao'),
	(302, 96, 'El Amparo'),
	(303, 96, 'Libertad de Cojedes'),
	(304, 97, 'Rómulo Gallegos'),
	(305, 98, 'San Carlos de Austria'),
	(306, 98, 'Juan Ángel Bravo'),
	(307, 98, 'Manuel Manrique'),
	(308, 99, 'General en Jefe José Laurencio Silva'),
	(309, 100, 'Curiapo'),
	(310, 100, 'Almirante Luis Brión'),
	(311, 100, 'Francisco Aniceto Lugo'),
	(312, 100, 'Manuel Renaud'),
	(313, 100, 'Padre Barral'),
	(314, 100, 'Santos de Abelgas'),
	(315, 101, 'Imataca'),
	(316, 101, 'Cinco de Julio'),
	(317, 101, 'Juan Bautista Arismendi'),
	(318, 101, 'Manuel Piar'),
	(319, 101, 'Rómulo Gallegos'),
	(320, 102, 'Pedernales'),
	(321, 102, 'Luis Beltrán Prieto Figueroa'),
	(322, 103, 'San José (Delta Amacuro)'),
	(323, 103, 'José Vidal Marcano'),
	(324, 103, 'Juan Millán'),
	(325, 103, 'Leonardo Ruíz Pineda'),
	(326, 103, 'Mariscal Antonio José de Sucre'),
	(327, 103, 'Monseñor Argimiro García'),
	(328, 103, 'San Rafael (Delta Amacuro)'),
	(329, 103, 'Virgen del Valle'),
	(330, 10, 'Clarines'),
	(331, 10, 'Guanape'),
	(332, 10, 'Sabana de Uchire'),
	(333, 104, 'Capadare'),
	(334, 104, 'La Pastora'),
	(335, 104, 'Libertador'),
	(336, 104, 'San Juan de los Cayos'),
	(337, 105, 'Aracua'),
	(338, 105, 'La Peña'),
	(339, 105, 'San Luis'),
	(340, 106, 'Bariro'),
	(341, 106, 'Borojó'),
	(342, 106, 'Capatárida'),
	(343, 106, 'Guajiro'),
	(344, 106, 'Seque'),
	(345, 106, 'Zazárida'),
	(346, 106, 'Valle de Eroa'),
	(347, 107, 'Cacique Manaure'),
	(348, 108, 'Norte'),
	(349, 108, 'Carirubana'),
	(350, 108, 'Santa Ana'),
	(351, 108, 'Urbana Punta Cardón'),
	(352, 109, 'La Vela de Coro'),
	(353, 109, 'Acurigua'),
	(354, 109, 'Guaibacoa'),
	(355, 109, 'Las Calderas'),
	(356, 109, 'Macoruca'),
	(357, 110, 'Dabajuro'),
	(358, 111, 'Agua Clara'),
	(359, 111, 'Avaria'),
	(360, 111, 'Pedregal'),
	(361, 111, 'Piedra Grande'),
	(362, 111, 'Purureche'),
	(363, 112, 'Adaure'),
	(364, 112, 'Adícora'),
	(365, 112, 'Baraived'),
	(366, 112, 'Buena Vista'),
	(367, 112, 'Jadacaquiva'),
	(368, 112, 'El Vínculo'),
	(369, 112, 'El Hato'),
	(370, 112, 'Moruy'),
	(371, 112, 'Pueblo Nuevo'),
	(372, 113, 'Agua Larga'),
	(373, 113, 'El Paují'),
	(374, 113, 'Independencia'),
	(375, 113, 'Mapararí'),
	(376, 114, 'Agua Linda'),
	(377, 114, 'Araurima'),
	(378, 114, 'Jacura'),
	(379, 115, 'Tucacas'),
	(380, 115, 'Boca de Aroa'),
	(381, 116, 'Los Taques'),
	(382, 116, 'Judibana'),
	(383, 117, 'Mene de Mauroa'),
	(384, 117, 'San Félix'),
	(385, 117, 'Casigua'),
	(386, 118, 'Guzmán Guillermo'),
	(387, 118, 'Mitare'),
	(388, 118, 'Río Seco'),
	(389, 118, 'Sabaneta'),
	(390, 118, 'San Antonio'),
	(391, 118, 'San Gabriel'),
	(392, 118, 'Santa Ana'),
	(393, 119, 'Boca del Tocuyo'),
	(394, 119, 'Chichiriviche'),
	(395, 119, 'Tocuyo de la Costa'),
	(396, 120, 'Palmasola'),
	(397, 121, 'Cabure'),
	(398, 121, 'Colina'),
	(399, 121, 'Curimagua'),
	(400, 122, 'San José de la Costa'),
	(401, 122, 'Píritu'),
	(402, 123, 'San Francisco'),
	(403, 124, 'Sucre'),
	(404, 124, 'Pecaya'),
	(405, 125, 'Tocópero'),
	(406, 126, 'El Charal'),
	(407, 126, 'Las Vegas del Tuy'),
	(408, 126, 'Santa Cruz de Bucaral'),
	(409, 127, 'Bruzual'),
	(410, 127, 'Urumaco'),
	(411, 128, 'Puerto Cumarebo'),
	(412, 128, 'La Ciénaga'),
	(413, 128, 'La Soledad'),
	(414, 128, 'Pueblo Cumarebo'),
	(415, 128, 'Zazárida'),
	(416, 113, 'Churuguara'),
	(417, 129, 'Camaguán'),
	(418, 129, 'Puerto Miranda'),
	(419, 129, 'Uverito'),
	(420, 130, 'Chaguaramas'),
	(421, 131, 'El Socorro'),
	(422, 132, 'Tucupido'),
	(423, 132, 'San Rafael de Laya'),
	(424, 133, 'Altagracia de Orituco'),
	(425, 133, 'San Rafael de Orituco'),
	(426, 133, 'San Francisco Javier de Lezama'),
	(427, 133, 'Paso Real de Macaira'),
	(428, 133, 'Carlos Soublette'),
	(429, 133, 'San Francisco de Macaira'),
	(430, 133, 'Libertad de Orituco'),
	(431, 134, 'Cantaclaro'),
	(432, 134, 'San Juan de los Morros'),
	(433, 134, 'Parapara'),
	(434, 135, 'El Sombrero'),
	(435, 135, 'Sosa'),
	(436, 136, 'Las Mercedes'),
	(437, 136, 'Cabruta'),
	(438, 136, 'Santa Rita de Manapire'),
	(439, 137, 'Valle de la Pascua'),
	(440, 137, 'Espino'),
	(441, 138, 'San José de Unare'),
	(442, 138, 'Zaraza'),
	(443, 139, 'San José de Tiznados'),
	(444, 139, 'San Francisco de Tiznados'),
	(445, 139, 'San Lorenzo de Tiznados'),
	(446, 139, 'Ortiz'),
	(447, 140, 'Guayabal'),
	(448, 140, 'Cazorla'),
	(449, 141, 'San José de Guaribe'),
	(450, 141, 'Uveral'),
	(451, 142, 'Santa María de Ipire'),
	(452, 142, 'Altamira'),
	(453, 143, 'El Calvario'),
	(454, 143, 'El Rastro'),
	(455, 143, 'Guardatinajas'),
	(456, 143, 'Capital Urbana Calabozo'),
	(457, 144, 'Quebrada Honda de Guache'),
	(458, 144, 'Pío Tamayo'),
	(459, 144, 'Yacambú'),
	(460, 145, 'Fréitez'),
	(461, 145, 'José María Blanco'),
	(462, 146, 'Catedral'),
	(463, 146, 'Concepción'),
	(464, 146, 'El Cují'),
	(465, 146, 'Juan de Villegas'),
	(466, 146, 'Santa Rosa'),
	(467, 146, 'Tamaca'),
	(468, 146, 'Unión'),
	(469, 146, 'Aguedo Felipe Alvarado'),
	(470, 146, 'Buena Vista'),
	(471, 146, 'Juárez'),
	(472, 147, 'Juan Bautista Rodríguez'),
	(473, 147, 'Cuara'),
	(474, 147, 'Diego de Lozada'),
	(475, 147, 'Paraíso de San José'),
	(476, 147, 'San Miguel'),
	(477, 147, 'Tintorero'),
	(478, 147, 'José Bernardo Dorante'),
	(479, 147, 'Coronel Mariano Peraza '),
	(480, 148, 'Bolívar'),
	(481, 148, 'Anzoátegui'),
	(482, 148, 'Guarico'),
	(483, 148, 'Hilario Luna y Luna'),
	(484, 148, 'Humocaro Alto'),
	(485, 148, 'Humocaro Bajo'),
	(486, 148, 'La Candelaria'),
	(487, 148, 'Morán'),
	(488, 149, 'Cabudare'),
	(489, 149, 'José Gregorio Bastidas'),
	(490, 149, 'Agua Viva'),
	(491, 150, 'Sarare'),
	(492, 150, 'Buría'),
	(493, 150, 'Gustavo Vegas León'),
	(494, 151, 'Trinidad Samuel'),
	(495, 151, 'Antonio Díaz'),
	(496, 151, 'Camacaro'),
	(497, 151, 'Castañeda'),
	(498, 151, 'Cecilio Zubillaga'),
	(499, 151, 'Chiquinquirá'),
	(500, 151, 'El Blanco'),
	(501, 151, 'Espinoza de los Monteros'),
	(502, 151, 'Lara'),
	(503, 151, 'Las Mercedes'),
	(504, 151, 'Manuel Morillo'),
	(505, 151, 'Montaña Verde'),
	(506, 151, 'Montes de Oca'),
	(507, 151, 'Torres'),
	(508, 151, 'Heriberto Arroyo'),
	(509, 151, 'Reyes Vargas'),
	(510, 151, 'Altagracia'),
	(511, 152, 'Siquisique'),
	(512, 152, 'Moroturo'),
	(513, 152, 'San Miguel'),
	(514, 152, 'Xaguas'),
	(515, 179, 'Presidente Betancourt'),
	(516, 179, 'Presidente Páez'),
	(517, 179, 'Presidente Rómulo Gallegos'),
	(518, 179, 'Gabriel Picón González'),
	(519, 179, 'Héctor Amable Mora'),
	(520, 179, 'José Nucete Sardi'),
	(521, 179, 'Pulido Méndez'),
	(522, 180, 'La Azulita'),
	(523, 181, 'Santa Cruz de Mora'),
	(524, 181, 'Mesa Bolívar'),
	(525, 181, 'Mesa de Las Palmas'),
	(526, 182, 'Aricagua'),
	(527, 182, 'San Antonio'),
	(528, 183, 'Canagua'),
	(529, 183, 'Capurí'),
	(530, 183, 'Chacantá'),
	(531, 183, 'El Molino'),
	(532, 183, 'Guaimaral'),
	(533, 183, 'Mucutuy'),
	(534, 183, 'Mucuchachí'),
	(535, 184, 'Fernández Peña'),
	(536, 184, 'Matriz'),
	(537, 184, 'Montalbán'),
	(538, 184, 'Acequias'),
	(539, 184, 'Jají'),
	(540, 184, 'La Mesa'),
	(541, 184, 'San José del Sur'),
	(542, 185, 'Tucaní'),
	(543, 185, 'Florencio Ramírez'),
	(544, 186, 'Santo Domingo'),
	(545, 186, 'Las Piedras'),
	(546, 187, 'Guaraque'),
	(547, 187, 'Mesa de Quintero'),
	(548, 187, 'Río Negro'),
	(549, 188, 'Arapuey'),
	(550, 188, 'Palmira'),
	(551, 189, 'San Cristóbal de Torondoy'),
	(552, 189, 'Torondoy'),
	(553, 190, 'Antonio Spinetti Dini'),
	(554, 190, 'Arias'),
	(555, 190, 'Caracciolo Parra Pérez'),
	(556, 190, 'Domingo Peña'),
	(557, 190, 'El Llano'),
	(558, 190, 'Gonzalo Picón Febres'),
	(559, 190, 'Jacinto Plaza'),
	(560, 190, 'Juan Rodríguez Suárez'),
	(561, 190, 'Lasso de la Vega'),
	(562, 190, 'Mariano Picón Salas'),
	(563, 190, 'Milla'),
	(564, 190, 'Osuna Rodríguez'),
	(565, 190, 'Sagrario'),
	(566, 190, 'El Morro'),
	(567, 190, 'Los Nevados'),
	(568, 191, 'Andrés Eloy Blanco'),
	(569, 191, 'La Venta'),
	(570, 191, 'Piñango'),
	(571, 191, 'Timotes'),
	(572, 192, 'Eloy Paredes'),
	(573, 192, 'San Rafael de Alcázar'),
	(574, 192, 'Santa Elena de Arenales'),
	(575, 193, 'Santa María de Caparo'),
	(576, 194, 'Pueblo Llano'),
	(577, 195, 'Cacute'),
	(578, 195, 'La Toma'),
	(579, 195, 'Mucuchíes'),
	(580, 195, 'Mucurubá'),
	(581, 195, 'San Rafael'),
	(582, 196, 'Gerónimo Maldonado'),
	(583, 196, 'Bailadores'),
	(584, 197, 'Tabay'),
	(585, 198, 'Chiguará'),
	(586, 198, 'Estánquez'),
	(587, 198, 'Lagunillas'),
	(588, 198, 'La Trampa'),
	(589, 198, 'Pueblo Nuevo del Sur'),
	(590, 198, 'San Juan'),
	(591, 199, 'El Amparo'),
	(592, 199, 'El Llano'),
	(593, 199, 'San Francisco'),
	(594, 199, 'Tovar'),
	(595, 200, 'Independencia'),
	(596, 200, 'María de la Concepción Palacios Blanco'),
	(597, 200, 'Nueva Bolivia'),
	(598, 200, 'Santa Apolonia'),
	(599, 201, 'Caño El Tigre'),
	(600, 201, 'Zea'),
	(601, 223, 'Aragüita'),
	(602, 223, 'Arévalo González'),
	(603, 223, 'Capaya'),
	(604, 223, 'Caucagua'),
	(605, 223, 'Panaquire'),
	(606, 223, 'Ribas'),
	(607, 223, 'El Café'),
	(608, 223, 'Marizapa'),
	(609, 224, 'Cumbo'),
	(610, 224, 'San José de Barlovento'),
	(611, 225, 'El Cafetal'),
	(612, 225, 'Las Minas'),
	(613, 225, 'Nuestra Señora del Rosario'),
	(614, 226, 'Higuerote'),
	(615, 226, 'Curiepe'),
	(616, 226, 'Tacarigua de Brión'),
	(617, 227, 'Mamporal'),
	(618, 228, 'Carrizal'),
	(619, 229, 'Chacao'),
	(620, 230, 'Charallave'),
	(621, 230, 'Las Brisas'),
	(622, 231, 'El Hatillo'),
	(623, 232, 'Altagracia de la Montaña'),
	(624, 232, 'Cecilio Acosta'),
	(625, 232, 'Los Teques'),
	(626, 232, 'El Jarillo'),
	(627, 232, 'San Pedro'),
	(628, 232, 'Tácata'),
	(629, 232, 'Paracotos'),
	(630, 233, 'Cartanal'),
	(631, 233, 'Santa Teresa del Tuy'),
	(632, 234, 'La Democracia'),
	(633, 234, 'Ocumare del Tuy'),
	(634, 234, 'Santa Bárbara'),
	(635, 235, 'San Antonio de los Altos'),
	(636, 236, 'Río Chico'),
	(637, 236, 'El Guapo'),
	(638, 236, 'Tacarigua de la Laguna'),
	(639, 236, 'Paparo'),
	(640, 236, 'San Fernando del Guapo'),
	(641, 237, 'Santa Lucía del Tuy'),
	(642, 238, 'Cúpira'),
	(643, 238, 'Machurucuto'),
	(644, 239, 'Guarenas'),
	(645, 240, 'San Antonio de Yare'),
	(646, 240, 'San Francisco de Yare'),
	(647, 241, 'Leoncio Martínez'),
	(648, 241, 'Petare'),
	(649, 241, 'Caucagüita'),
	(650, 241, 'Filas de Mariche'),
	(651, 241, 'La Dolorita'),
	(652, 242, 'Cúa'),
	(653, 242, 'Nueva Cúa'),
	(654, 243, 'Guatire'),
	(655, 243, 'Bolívar'),
	(656, 258, 'San Antonio de Maturín'),
	(657, 258, 'San Francisco de Maturín'),
	(658, 259, 'Aguasay'),
	(659, 260, 'Caripito'),
	(660, 261, 'El Guácharo'),
	(661, 261, 'La Guanota'),
	(662, 261, 'Sabana de Piedra'),
	(663, 261, 'San Agustín'),
	(664, 261, 'Teresen'),
	(665, 261, 'Caripe'),
	(666, 262, 'Areo'),
	(667, 262, 'Capital Cedeño'),
	(668, 262, 'San Félix de Cantalicio'),
	(669, 262, 'Viento Fresco'),
	(670, 263, 'El Tejero'),
	(671, 263, 'Punta de Mata'),
	(672, 264, 'Chaguaramas'),
	(673, 264, 'Las Alhuacas'),
	(674, 264, 'Tabasca'),
	(675, 264, 'Temblador'),
	(676, 265, 'Alto de los Godos'),
	(677, 265, 'Boquerón'),
	(678, 265, 'Las Cocuizas'),
	(679, 265, 'La Cruz'),
	(680, 265, 'San Simón'),
	(681, 265, 'El Corozo'),
	(682, 265, 'El Furrial'),
	(683, 265, 'Jusepín'),
	(684, 265, 'La Pica'),
	(685, 265, 'San Vicente'),
	(686, 266, 'Aparicio'),
	(687, 266, 'Aragua de Maturín'),
	(688, 266, 'Chaguamal'),
	(689, 266, 'El Pinto'),
	(690, 266, 'Guanaguana'),
	(691, 266, 'La Toscana'),
	(692, 266, 'Taguaya'),
	(693, 267, 'Cachipo'),
	(694, 267, 'Quiriquire'),
	(695, 268, 'Santa Bárbara'),
	(696, 269, 'Barrancas'),
	(697, 269, 'Los Barrancos de Fajardo'),
	(698, 270, 'Uracoa'),
	(699, 271, 'Antolín del Campo'),
	(700, 272, 'Arismendi'),
	(701, 273, 'García'),
	(702, 273, 'Francisco Fajardo'),
	(703, 274, 'Bolívar'),
	(704, 274, 'Guevara'),
	(705, 274, 'Matasiete'),
	(706, 274, 'Santa Ana'),
	(707, 274, 'Sucre'),
	(708, 275, 'Aguirre'),
	(709, 275, 'Maneiro'),
	(710, 276, 'Adrián'),
	(711, 276, 'Juan Griego'),
	(712, 276, 'Yaguaraparo'),
	(713, 277, 'Porlamar'),
	(714, 278, 'San Francisco de Macanao'),
	(715, 278, 'Boca de Río'),
	(716, 279, 'Tubores'),
	(717, 279, 'Los Baleales'),
	(718, 280, 'Vicente Fuentes'),
	(719, 280, 'Villalba'),
	(720, 281, 'San Juan Bautista'),
	(721, 281, 'Zabala'),
	(722, 283, 'Capital Araure'),
	(723, 283, 'Río Acarigua'),
	(724, 284, 'Capital Esteller'),
	(725, 284, 'Uveral'),
	(726, 285, 'Guanare'),
	(727, 285, 'Córdoba'),
	(728, 285, 'San José de la Montaña'),
	(729, 285, 'San Juan de Guanaguanare'),
	(730, 285, 'Virgen de la Coromoto'),
	(731, 286, 'Guanarito'),
	(732, 286, 'Trinidad de la Capilla'),
	(733, 286, 'Divina Pastora'),
	(734, 287, 'Monseñor José Vicente de Unda'),
	(735, 287, 'Peña Blanca'),
	(736, 288, 'Capital Ospino'),
	(737, 288, 'Aparición'),
	(738, 288, 'La Estación'),
	(739, 289, 'Páez'),
	(740, 289, 'Payara'),
	(741, 289, 'Pimpinela'),
	(742, 289, 'Ramón Peraza'),
	(743, 290, 'Papelón'),
	(744, 290, 'Caño Delgadito'),
	(745, 291, 'San Genaro de Boconoito'),
	(746, 291, 'Antolín Tovar'),
	(747, 292, 'San Rafael de Onoto'),
	(748, 292, 'Santa Fe'),
	(749, 292, 'Thermo Morles'),
	(750, 293, 'Santa Rosalía'),
	(751, 293, 'Florida'),
	(752, 294, 'Sucre'),
	(753, 294, 'Concepción'),
	(754, 294, 'San Rafael de Palo Alzado'),
	(755, 294, 'Uvencio Antonio Velásquez'),
	(756, 294, 'San José de Saguaz'),
	(757, 294, 'Villa Rosa'),
	(758, 295, 'Turén'),
	(759, 295, 'Canelones'),
	(760, 295, 'Santa Cruz'),
	(761, 295, 'San Isidro Labrador'),
	(762, 296, 'Mariño'),
	(763, 296, 'Rómulo Gallegos'),
	(764, 297, 'San José de Aerocuar'),
	(765, 297, 'Tavera Acosta'),
	(766, 298, 'Río Caribe'),
	(767, 298, 'Antonio José de Sucre'),
	(768, 298, 'El Morro de Puerto Santo'),
	(769, 298, 'Puerto Santo'),
	(770, 298, 'San Juan de las Galdonas'),
	(771, 299, 'El Pilar'),
	(772, 299, 'El Rincón'),
	(773, 299, 'General Francisco Antonio Váquez'),
	(774, 299, 'Guaraúnos'),
	(775, 299, 'Tunapuicito'),
	(776, 299, 'Unión'),
	(777, 300, 'Santa Catalina'),
	(778, 300, 'Santa Rosa'),
	(779, 300, 'Santa Teresa'),
	(780, 300, 'Bolívar'),
	(781, 300, 'Maracapana'),
	(782, 302, 'Libertad'),
	(783, 302, 'El Paujil'),
	(784, 302, 'Yaguaraparo'),
	(785, 303, 'Cruz Salmerón Acosta'),
	(786, 303, 'Chacopata'),
	(787, 303, 'Manicuare'),
	(788, 304, 'Tunapuy'),
	(789, 304, 'Campo Elías'),
	(790, 305, 'Irapa'),
	(791, 305, 'Campo Claro'),
	(792, 305, 'Maraval'),
	(793, 305, 'San Antonio de Irapa'),
	(794, 305, 'Soro'),
	(795, 306, 'Mejía'),
	(796, 307, 'Cumanacoa'),
	(797, 307, 'Arenas'),
	(798, 307, 'Aricagua'),
	(799, 307, 'Cogollar'),
	(800, 307, 'San Fernando'),
	(801, 307, 'San Lorenzo'),
	(802, 308, 'Villa Frontado (Muelle de Cariaco)'),
	(803, 308, 'Catuaro'),
	(804, 308, 'Rendón'),
	(805, 308, 'San Cruz'),
	(806, 308, 'Santa María'),
	(807, 309, 'Altagracia'),
	(808, 309, 'Santa Inés'),
	(809, 309, 'Valentín Valiente'),
	(810, 309, 'Ayacucho'),
	(811, 309, 'San Juan'),
	(812, 309, 'Raúl Leoni'),
	(813, 309, 'Gran Mariscal'),
	(814, 310, 'Cristóbal Colón'),
	(815, 310, 'Bideau'),
	(816, 310, 'Punta de Piedras'),
	(817, 310, 'Güiria'),
	(818, 341, 'Andrés Bello'),
	(819, 342, 'Antonio Rómulo Costa'),
	(820, 343, 'Ayacucho'),
	(821, 343, 'Rivas Berti'),
	(822, 343, 'San Pedro del Río'),
	(823, 344, 'Bolívar'),
	(824, 344, 'Palotal'),
	(825, 344, 'General Juan Vicente Gómez'),
	(826, 344, 'Isaías Medina Angarita'),
	(827, 345, 'Cárdenas'),
	(828, 345, 'Amenodoro Ángel Lamus'),
	(829, 345, 'La Florida'),
	(830, 346, 'Córdoba'),
	(831, 347, 'Fernández Feo'),
	(832, 347, 'Alberto Adriani'),
	(833, 347, 'Santo Domingo'),
	(834, 348, 'Francisco de Miranda'),
	(835, 349, 'García de Hevia'),
	(836, 349, 'Boca de Grita'),
	(837, 349, 'José Antonio Páez'),
	(838, 350, 'Guásimos'),
	(839, 351, 'Independencia'),
	(840, 351, 'Juan Germán Roscio'),
	(841, 351, 'Román Cárdenas'),
	(842, 352, 'Jáuregui'),
	(843, 352, 'Emilio Constantino Guerrero'),
	(844, 352, 'Monseñor Miguel Antonio Salas'),
	(845, 353, 'José María Vargas'),
	(846, 354, 'Junín'),
	(847, 354, 'La Petrólea'),
	(848, 354, 'Quinimarí'),
	(849, 354, 'Bramón'),
	(850, 355, 'Libertad'),
	(851, 355, 'Cipriano Castro'),
	(852, 355, 'Manuel Felipe Rugeles'),
	(853, 356, 'Libertador'),
	(854, 356, 'Doradas'),
	(855, 356, 'Emeterio Ochoa'),
	(856, 356, 'San Joaquín de Navay'),
	(857, 357, 'Lobatera'),
	(858, 357, 'Constitución'),
	(859, 358, 'Michelena'),
	(860, 359, 'Panamericano'),
	(861, 359, 'La Palmita'),
	(862, 360, 'Pedro María Ureña'),
	(863, 360, 'Nueva Arcadia'),
	(864, 361, 'Delicias'),
	(865, 361, 'Pecaya'),
	(866, 362, 'Samuel Darío Maldonado'),
	(867, 362, 'Boconó'),
	(868, 362, 'Hernández'),
	(869, 363, 'La Concordia'),
	(870, 363, 'San Juan Bautista'),
	(871, 363, 'Pedro María Morantes'),
	(872, 363, 'San Sebastián'),
	(873, 363, 'Dr. Francisco Romero Lobo'),
	(874, 364, 'Seboruco'),
	(875, 365, 'Simón Rodríguez'),
	(876, 366, 'Sucre'),
	(877, 366, 'Eleazar López Contreras'),
	(878, 366, 'San Pablo'),
	(879, 367, 'Torbes'),
	(880, 368, 'Uribante'),
	(881, 368, 'Cárdenas'),
	(882, 368, 'Juan Pablo Peñalosa'),
	(883, 368, 'Potosí'),
	(884, 369, 'San Judas Tadeo'),
	(885, 370, 'Araguaney'),
	(886, 370, 'El Jaguito'),
	(887, 370, 'La Esperanza'),
	(888, 370, 'Santa Isabel'),
	(889, 371, 'Boconó'),
	(890, 371, 'El Carmen'),
	(891, 371, 'Mosquey'),
	(892, 371, 'Ayacucho'),
	(893, 371, 'Burbusay'),
	(894, 371, 'General Ribas'),
	(895, 371, 'Guaramacal'),
	(896, 371, 'Vega de Guaramacal'),
	(897, 371, 'Monseñor Jáuregui'),
	(898, 371, 'Rafael Rangel'),
	(899, 371, 'San Miguel'),
	(900, 371, 'San José'),
	(901, 372, 'Sabana Grande'),
	(902, 372, 'Cheregüé'),
	(903, 372, 'Granados'),
	(904, 373, 'Arnoldo Gabaldón'),
	(905, 373, 'Bolivia'),
	(906, 373, 'Carrillo'),
	(907, 373, 'Cegarra'),
	(908, 373, 'Chejendé'),
	(909, 373, 'Manuel Salvador Ulloa'),
	(910, 373, 'San José'),
	(911, 374, 'Carache'),
	(912, 374, 'La Concepción'),
	(913, 374, 'Cuicas'),
	(914, 374, 'Panamericana'),
	(915, 374, 'Santa Cruz'),
	(916, 375, 'Escuque'),
	(917, 375, 'La Unión'),
	(918, 375, 'Santa Rita'),
	(919, 375, 'Sabana Libre'),
	(920, 376, 'El Socorro'),
	(921, 376, 'Los Caprichos'),
	(922, 376, 'Antonio José de Sucre'),
	(923, 377, 'Campo Elías'),
	(924, 377, 'Arnoldo Gabaldón'),
	(925, 378, 'Santa Apolonia'),
	(926, 378, 'El Progreso'),
	(927, 378, 'La Ceiba'),
	(928, 378, 'Tres de Febrero'),
	(929, 379, 'El Dividive'),
	(930, 379, 'Agua Santa'),
	(931, 379, 'Agua Caliente'),
	(932, 379, 'El Cenizo'),
	(933, 379, 'Valerita'),
	(934, 380, 'Monte Carmelo'),
	(935, 380, 'Buena Vista'),
	(936, 380, 'Santa María del Horcón'),
	(937, 381, 'Motatán'),
	(938, 381, 'El Baño'),
	(939, 381, 'Jalisco'),
	(940, 382, 'Pampán'),
	(941, 382, 'Flor de Patria'),
	(942, 382, 'La Paz'),
	(943, 382, 'Santa Ana'),
	(944, 383, 'Pampanito'),
	(945, 383, 'La Concepción'),
	(946, 383, 'Pampanito II'),
	(947, 384, 'Betijoque'),
	(948, 384, 'José Gregorio Hernández'),
	(949, 384, 'La Pueblita'),
	(950, 384, 'Los Cedros'),
	(951, 385, 'Carvajal'),
	(952, 385, 'Campo Alegre'),
	(953, 385, 'Antonio Nicolás Briceño'),
	(954, 385, 'José Leonardo Suárez'),
	(955, 386, 'Sabana de Mendoza'),
	(956, 386, 'Junín'),
	(957, 386, 'Valmore Rodríguez'),
	(958, 386, 'El Paraíso'),
	(959, 387, 'Andrés Linares'),
	(960, 387, 'Chiquinquirá'),
	(961, 387, 'Cristóbal Mendoza'),
	(962, 387, 'Cruz Carrillo'),
	(963, 387, 'Matriz'),
	(964, 387, 'Monseñor Carrillo'),
	(965, 387, 'Tres Esquinas'),
	(966, 388, 'Cabimbú'),
	(967, 388, 'Jajó'),
	(968, 388, 'La Mesa de Esnujaque'),
	(969, 388, 'Santiago'),
	(970, 388, 'Tuñame'),
	(971, 388, 'La Quebrada'),
	(972, 389, 'Juan Ignacio Montilla'),
	(973, 389, 'La Beatriz'),
	(974, 389, 'La Puerta'),
	(975, 389, 'Mendoza del Valle de Momboy'),
	(976, 389, 'Mercedes Díaz'),
	(977, 389, 'San Luis'),
	(978, 390, 'Caraballeda'),
	(979, 390, 'Carayaca'),
	(980, 390, 'Carlos Soublette'),
	(981, 390, 'Caruao Chuspa'),
	(982, 390, 'Catia La Mar'),
	(983, 390, 'El Junko'),
	(984, 390, 'La Guaira'),
	(985, 390, 'Macuto'),
	(986, 390, 'Maiquetía'),
	(987, 390, 'Naiguatá'),
	(988, 390, 'Urimare'),
	(989, 391, 'Arístides Bastidas'),
	(990, 392, 'Bolívar'),
	(991, 407, 'Chivacoa'),
	(992, 407, 'Campo Elías'),
	(993, 408, 'Cocorote'),
	(994, 409, 'Independencia'),
	(995, 410, 'José Antonio Páez'),
	(996, 411, 'La Trinidad'),
	(997, 412, 'Manuel Monge'),
	(998, 413, 'Salóm'),
	(999, 413, 'Temerla'),
	(1000, 413, 'Nirgua'),
	(1001, 414, 'San Andrés'),
	(1002, 414, 'Yaritagua'),
	(1003, 415, 'San Javier'),
	(1004, 415, 'Albarico'),
	(1005, 415, 'San Felipe'),
	(1006, 416, 'Sucre'),
	(1007, 417, 'Urachiche'),
	(1008, 418, 'El Guayabo'),
	(1009, 418, 'Farriar'),
	(1010, 441, 'Isla de Toas'),
	(1011, 441, 'Monagas'),
	(1012, 442, 'San Timoteo'),
	(1013, 442, 'General Urdaneta'),
	(1014, 442, 'Libertador'),
	(1015, 442, 'Marcelino Briceño'),
	(1016, 442, 'Pueblo Nuevo'),
	(1017, 442, 'Manuel Guanipa Matos'),
	(1018, 443, 'Ambrosio'),
	(1019, 443, 'Carmen Herrera'),
	(1020, 443, 'La Rosa'),
	(1021, 443, 'Germán Ríos Linares'),
	(1022, 443, 'San Benito'),
	(1023, 443, 'Rómulo Betancourt'),
	(1024, 443, 'Jorge Hernández'),
	(1025, 443, 'Punta Gorda'),
	(1026, 443, 'Arístides Calvani'),
	(1027, 444, 'Encontrados'),
	(1028, 444, 'Udón Pérez'),
	(1029, 445, 'Moralito'),
	(1030, 445, 'San Carlos del Zulia'),
	(1031, 445, 'Santa Cruz del Zulia'),
	(1032, 445, 'Santa Bárbara'),
	(1033, 445, 'Urribarrí'),
	(1034, 446, 'Carlos Quevedo'),
	(1035, 446, 'Francisco Javier Pulgar'),
	(1036, 446, 'Simón Rodríguez'),
	(1037, 446, 'Guamo-Gavilanes'),
	(1038, 448, 'La Concepción'),
	(1039, 448, 'San José'),
	(1040, 448, 'Mariano Parra León'),
	(1041, 448, 'José Ramón Yépez'),
	(1042, 449, 'Jesús María Semprún'),
	(1043, 449, 'Barí'),
	(1044, 450, 'Concepción'),
	(1045, 450, 'Andrés Bello'),
	(1046, 450, 'Chiquinquirá'),
	(1047, 450, 'El Carmelo'),
	(1048, 450, 'Potreritos'),
	(1049, 451, 'Libertad'),
	(1050, 451, 'Alonso de Ojeda'),
	(1051, 451, 'Venezuela'),
	(1052, 451, 'Eleazar López Contreras'),
	(1053, 451, 'Campo Lara'),
	(1054, 452, 'Bartolomé de las Casas'),
	(1055, 452, 'Libertad'),
	(1056, 452, 'Río Negro'),
	(1057, 452, 'San José de Perijá'),
	(1058, 453, 'San Rafael'),
	(1059, 453, 'La Sierrita'),
	(1060, 453, 'Las Parcelas'),
	(1061, 453, 'Luis de Vicente'),
	(1062, 453, 'Monseñor Marcos Sergio Godoy'),
	(1063, 453, 'Ricaurte'),
	(1064, 453, 'Tamare'),
	(1065, 454, 'Antonio Borjas Romero'),
	(1066, 454, 'Bolívar'),
	(1067, 454, 'Cacique Mara'),
	(1068, 454, 'Carracciolo Parra Pérez'),
	(1069, 454, 'Cecilio Acosta'),
	(1070, 454, 'Cristo de Aranza'),
	(1071, 454, 'Coquivacoa'),
	(1072, 454, 'Chiquinquirá'),
	(1073, 454, 'Francisco Eugenio Bustamante'),
	(1074, 454, 'Idelfonzo Vásquez'),
	(1075, 454, 'Juana de Ávila'),
	(1076, 454, 'Luis Hurtado Higuera'),
	(1077, 454, 'Manuel Dagnino'),
	(1078, 454, 'Olegario Villalobos'),
	(1079, 454, 'Raúl Leoni'),
	(1080, 454, 'Santa Lucía'),
	(1081, 454, 'Venancio Pulgar'),
	(1082, 454, 'San Isidro'),
	(1083, 455, 'Altagracia'),
	(1084, 455, 'Faría'),
	(1085, 455, 'Ana María Campos'),
	(1086, 455, 'San Antonio'),
	(1087, 455, 'San José'),
	(1088, 456, 'Donaldo García'),
	(1089, 456, 'El Rosario'),
	(1090, 456, 'Sixto Zambrano'),
	(1091, 457, 'San Francisco'),
	(1092, 457, 'El Bajo'),
	(1093, 457, 'Domitila Flores'),
	(1094, 457, 'Francisco Ochoa'),
	(1095, 457, 'Los Cortijos'),
	(1096, 457, 'Marcial Hernández'),
	(1097, 458, 'Santa Rita'),
	(1098, 458, 'El Mene'),
	(1099, 458, 'Pedro Lucas Urribarrí'),
	(1100, 458, 'José Cenobio Urribarrí'),
	(1101, 459, 'Rafael Maria Baralt'),
	(1102, 459, 'Manuel Manrique'),
	(1103, 459, 'Rafael Urdaneta'),
	(1104, 460, 'Bobures'),
	(1105, 460, 'Gibraltar'),
	(1106, 460, 'Heras'),
	(1107, 460, 'Monseñor Arturo Álvarez'),
	(1108, 460, 'Rómulo Gallegos'),
	(1109, 460, 'El Batey'),
	(1110, 461, 'Rafael Urdaneta'),
	(1111, 461, 'La Victoria'),
	(1112, 461, 'Raúl Cuenca'),
	(1113, 447, 'Sinamaica'),
	(1114, 447, 'Alta Guajira'),
	(1115, 447, 'Elías Sánchez Rubio'),
	(1116, 447, 'Guajira'),
	(1117, 462, 'Altagracia'),
	(1118, 462, 'Antímano'),
	(1119, 462, 'Caricuao'),
	(1120, 462, 'Catedral'),
	(1121, 462, 'Coche'),
	(1122, 462, 'El Junquito'),
	(1123, 462, 'El Paraíso'),
	(1124, 462, 'El Recreo'),
	(1125, 462, 'El Valle'),
	(1126, 462, 'La Candelaria'),
	(1127, 462, 'La Pastora'),
	(1128, 462, 'La Vega'),
	(1129, 462, 'Macarao'),
	(1130, 462, 'San Agustín'),
	(1131, 462, 'San Bernardino'),
	(1132, 462, 'San José'),
	(1133, 462, 'San Juan'),
	(1134, 462, 'San Pedro'),
	(1135, 462, 'Santa Rosalía'),
	(1136, 462, 'Santa Teresa'),
	(1137, 462, 'Sucre (Catia)'),
	(1138, 462, '23 de enero');

-- Volcando estructura para tabla cvm.periodo_escolar
CREATE TABLE IF NOT EXISTS `periodo_escolar` (
  `id` int(11) NOT NULL AUTO_INCREMENT,
  `periodo` varchar(50) DEFAULT NULL,
  `estatus` enum('Y','N') DEFAULT NULL,
  KEY `Índice 1` (`id`)
) ENGINE=InnoDB AUTO_INCREMENT=2 DEFAULT CHARSET=utf8 COLLATE=utf8_unicode_ci;

-- Volcando datos para la tabla cvm.periodo_escolar: ~1 rows (aproximadamente)
INSERT INTO `periodo_escolar` (`id`, `periodo`, `estatus`) VALUES
	(1, '2023-2024', 'Y');

-- Volcando estructura para tabla cvm.planificacion
CREATE TABLE IF NOT EXISTS `planificacion` (
  `id` int(11) NOT NULL AUTO_INCREMENT,
  `titulo` varchar(50) NOT NULL DEFAULT '0',
  `descripcion` varchar(250) DEFAULT NULL,
  `porcentaje` int(11) DEFAULT NULL,
  `id_periodo` int(11) DEFAULT NULL,
  `id_materia` int(11) DEFAULT NULL,
  `id_docente` int(11) DEFAULT NULL,
  `id_lapso` int(11) DEFAULT NULL,
  `id_grado` int(11) DEFAULT NULL,
  KEY `Índice 1` (`id`)
) ENGINE=InnoDB AUTO_INCREMENT=6 DEFAULT CHARSET=utf8 COLLATE=utf8_unicode_ci;

-- Volcando datos para la tabla cvm.planificacion: ~5 rows (aproximadamente)
INSERT INTO `planificacion` (`id`, `titulo`, `descripcion`, `porcentaje`, `id_periodo`, `id_materia`, `id_docente`, `id_lapso`, `id_grado`) VALUES
	(1, 'ecuaciones cuadraticas', 'test', 25, 1, 3, 10, 1, 2),
	(2, 'test', 'test', 25, 1, 3, 10, 1, 2),
	(3, 'test', 'test', 25, 1, 3, 10, 1, 2),
	(4, 'test', 'test', 25, 1, 3, 10, 1, 2),
	(5, 'gatitos felices', 'goldos', 25, 1, 8, 10, 1, 1);

-- Volcando estructura para tabla cvm.planificacion_actividades
CREATE TABLE IF NOT EXISTS `planificacion_actividades` (
  `id` int(11) NOT NULL AUTO_INCREMENT,
  `actividad` varchar(100) DEFAULT NULL,
  `porcentaje` int(11) DEFAULT NULL,
  `id_planificacion` int(11) DEFAULT NULL,
  KEY `Índice 1` (`id`)
) ENGINE=InnoDB AUTO_INCREMENT=9 DEFAULT CHARSET=utf8mb4 COLLATE=utf8mb4_unicode_ci;

-- Volcando datos para la tabla cvm.planificacion_actividades: ~8 rows (aproximadamente)
INSERT INTO `planificacion_actividades` (`id`, `actividad`, `porcentaje`, `id_planificacion`) VALUES
	(1, 'taller', 5, 1),
	(2, 'examen', 20, 1),
	(3, 'test', 25, 2),
	(4, 'test', 25, 3),
	(5, 'test', 25, 4),
	(6, 'comer', 5, 5),
	(7, 'dormir', 15, 5),
	(8, 'tarea', 5, 5);

-- Volcando estructura para tabla cvm.planificacion_secciones
CREATE TABLE IF NOT EXISTS `planificacion_secciones` (
  `id` int(11) NOT NULL AUTO_INCREMENT,
  `id_planificacion` int(11) DEFAULT 0,
  `id_seccion` int(11) DEFAULT 0,
  KEY `Índice 1` (`id`)
) ENGINE=InnoDB AUTO_INCREMENT=6 DEFAULT CHARSET=utf8mb4 COLLATE=utf8mb4_unicode_ci;

-- Volcando datos para la tabla cvm.planificacion_secciones: ~5 rows (aproximadamente)
INSERT INTO `planificacion_secciones` (`id`, `id_planificacion`, `id_seccion`) VALUES
	(1, 1, 1),
	(2, 2, 1),
	(3, 3, 1),
	(4, 4, 1),
	(5, 5, 1);

-- Volcando estructura para tabla cvm.religiones
CREATE TABLE IF NOT EXISTS `religiones` (
  `id` int(11) NOT NULL AUTO_INCREMENT,
  `religion` varchar(50) DEFAULT NULL,
  KEY `Índice 1` (`id`)
) ENGINE=InnoDB AUTO_INCREMENT=5 DEFAULT CHARSET=utf8mb4 COLLATE=utf8mb4_general_ci;

-- Volcando datos para la tabla cvm.religiones: ~4 rows (aproximadamente)
INSERT INTO `religiones` (`id`, `religion`) VALUES
	(1, 'Catolicismo'),
	(2, 'Protestantismo'),
	(3, 'Iglesias Cristianas no Evangélicas'),
	(4, 'Otra');

-- Volcando estructura para tabla cvm.representantes
CREATE TABLE IF NOT EXISTS `representantes` (
  `id` int(11) NOT NULL AUTO_INCREMENT,
  `nombre` varchar(50) DEFAULT NULL,
  `apellido` varchar(50) DEFAULT NULL,
  `cedula` varchar(50) DEFAULT NULL,
  `tipo_documento` enum('V','E') DEFAULT NULL,
  `fecha_nacimiento` date DEFAULT NULL,
  `edad` varchar(50) DEFAULT NULL,
  `nacionalidad` enum('VEN','COL') DEFAULT NULL,
  `estado_civil` enum('N','C','S') DEFAULT NULL,
  `nivel_instruccion` enum('N','B','U','P') DEFAULT NULL,
  `ocupacion` varchar(250) DEFAULT NULL,
  `lugar_trabajo` varchar(250) DEFAULT NULL,
  `habilidad` varchar(250) DEFAULT NULL,
  `direccion_residencia` varchar(250) DEFAULT NULL,
  `telf_movil` varchar(50) DEFAULT NULL,
  `telf_residencia` varchar(50) DEFAULT NULL,
  `telf_trabajo` varchar(50) DEFAULT NULL,
  `religion` varchar(50) DEFAULT NULL,
  `vive_estudiante` enum('Y','N') DEFAULT NULL,
  `parentesco` varchar(50) DEFAULT NULL,
  `foto` varchar(50) DEFAULT NULL,
  KEY `Índice 1` (`id`)
) ENGINE=InnoDB AUTO_INCREMENT=33 DEFAULT CHARSET=utf8 COLLATE=utf8_unicode_ci;

-- Volcando datos para la tabla cvm.representantes: ~11 rows (aproximadamente)
INSERT INTO `representantes` (`id`, `nombre`, `apellido`, `cedula`, `tipo_documento`, `fecha_nacimiento`, `edad`, `nacionalidad`, `estado_civil`, `nivel_instruccion`, `ocupacion`, `lugar_trabajo`, `habilidad`, `direccion_residencia`, `telf_movil`, `telf_residencia`, `telf_trabajo`, `religion`, `vive_estudiante`, `parentesco`, `foto`) VALUES
	(1, 'nileida', 'servita', '9240076', 'V', '2023-02-08', '56', 'VEN', 'N', 'N', 'test', 'test', '', 'test', '12345678', '', '', '', 'N', 'Madre', NULL),
	(2, 'moises', 'duran', '9727838', 'V', '2023-02-18', '56', 'VEN', 'C', 'P', 'test', 'test', 'test', 'test', '0424', '', '', '', 'N', 'Padre', NULL),
	(3, 'nileida', 'servita', '9240076', 'V', '2023-02-09', '56', 'VEN', 'C', 'U', 'profesora de pre-escolar', 'unidad educativa blen san joan colinas', 'manualidades y musica', 'test', '5555', '5555', '5555', 'test', 'N', 'Madre', NULL),
	(4, 'moises', 'duran', '9727838', 'V', '2023-02-23', '555', 'COL', 'S', 'B', 'test', 'test', 'test', 'test', '5555', '', '', '', 'N', 'Padre', NULL),
	(5, 'nileida', 'servita', '9240076', 'E', '2023-03-13', '26', 'VEN', 'C', 'U', 'test', 'test', 'test', 'test', '555555', '55555', '55555', 'test', 'N', 'Madre', NULL),
	(6, 'moises', 'duran', '5555', 'E', '2023-03-22', '20', 'VEN', 'S', 'U', 'test', 'test', 'test', 'test', '5555', '5555', '5555', 'test', 'N', 'Padre', NULL),
	(7, 'nileida', 'servita', '9240079', 'V', '1963-01-16', '60', 'VEN', 'C', 'U', 'test', 'test', 'test', 'test', '4249727838', '0276115598', '0276115599', '4', 'N', 'Madre', ''),
	(14, 'henry', 'lozada', '95648213', 'V', '1978-01-18', '45', 'VEN', 'S', 'N', 'test', 'test', 'test', 'test', '4245642137', '02765684975', '02765684975', '1', 'N', 'Abuelo', NULL),
	(31, 'nileida', 'servita', '9240045', 'V', '1959-01-22', '64', 'VEN', 'C', 'U', 'test', 'test', 'test', 'test', '4249727836', '02764445566', '02764445566', '3', 'N', 'Madre', NULL),
	(32, 'nileida', 'servita', '9240078', 'V', '1968-01-23', '55', 'VEN', 'C', 'U', 'docente de preescolar', 'escuela', 'manualidades', 'test', '4249727852', '02761118645', '02761118645', '1', 'N', 'Madre', NULL);

-- Volcando estructura para tabla cvm.secciones
CREATE TABLE IF NOT EXISTS `secciones` (
  `id` int(11) NOT NULL AUTO_INCREMENT,
  `seccion` enum('A','B','C') DEFAULT NULL,
  KEY `Índice 1` (`id`)
) ENGINE=InnoDB AUTO_INCREMENT=6 DEFAULT CHARSET=utf8 COLLATE=utf8_unicode_ci;

-- Volcando datos para la tabla cvm.secciones: ~3 rows (aproximadamente)
INSERT INTO `secciones` (`id`, `seccion`) VALUES
	(1, 'A'),
	(2, 'B'),
	(3, 'C');

-- Volcando estructura para tabla cvm.seccion_grado
CREATE TABLE IF NOT EXISTS `seccion_grado` (
  `id` int(11) NOT NULL AUTO_INCREMENT,
  `id_seccion` int(11) DEFAULT 0,
  `id_grado` int(11) DEFAULT 0,
  KEY `Índice 1` (`id`)
) ENGINE=InnoDB AUTO_INCREMENT=9 DEFAULT CHARSET=utf8mb4 COLLATE=utf8mb4_unicode_ci;

-- Volcando datos para la tabla cvm.seccion_grado: ~8 rows (aproximadamente)
INSERT INTO `seccion_grado` (`id`, `id_seccion`, `id_grado`) VALUES
	(1, 1, 1),
	(2, 1, 2),
	(3, 1, 3),
	(4, 1, 4),
	(5, 1, 5),
	(6, 2, 1),
	(7, 2, 2),
	(8, 2, 3);

-- Volcando estructura para tabla cvm.sub_modulos
CREATE TABLE IF NOT EXISTS `sub_modulos` (
  `id` int(11) NOT NULL AUTO_INCREMENT,
  `titulo` varchar(50) DEFAULT NULL,
  `descripcion` varchar(50) DEFAULT NULL,
  `status` enum('Y','N') DEFAULT NULL,
  `id_modulo` int(11) DEFAULT NULL,
  `url` varchar(100) DEFAULT NULL,
  KEY `Índice 1` (`id`)
) ENGINE=InnoDB AUTO_INCREMENT=6 DEFAULT CHARSET=utf8 COLLATE=utf8_unicode_ci;

-- Volcando datos para la tabla cvm.sub_modulos: ~5 rows (aproximadamente)
INSERT INTO `sub_modulos` (`id`, `titulo`, `descripcion`, `status`, `id_modulo`, `url`) VALUES
	(1, 'Inicio', 'Pagina principal', 'Y', 1, 'index.php'),
	(2, 'Docentes', 'Administracion de Docentes', 'Y', 2, 'docentes.php'),
	(3, 'Estudiantes', 'Administracion de Estudiantes', 'Y', 2, 'estudiantes.php'),
	(4, 'Planificación', 'Planificacion académica', 'Y', 3, 'planificacion.php'),
	(5, 'Asignación de Materias', 'Asignar materia a docentes', 'Y', 2, 'asignacion_materias_docentes.php');

-- Volcando estructura para tabla cvm.tipos_usuarios
CREATE TABLE IF NOT EXISTS `tipos_usuarios` (
  `id` int(11) NOT NULL AUTO_INCREMENT,
  `tipo_usuario` varchar(50) DEFAULT NULL,
  KEY `Índice 1` (`id`)
) ENGINE=InnoDB AUTO_INCREMENT=5 DEFAULT CHARSET=utf8 COLLATE=utf8_unicode_ci;

-- Volcando datos para la tabla cvm.tipos_usuarios: ~4 rows (aproximadamente)
INSERT INTO `tipos_usuarios` (`id`, `tipo_usuario`) VALUES
	(1, 'master'),
	(2, 'admin'),
	(3, 'teacher'),
	(4, 'student');

-- Volcando estructura para tabla cvm.turnos
CREATE TABLE IF NOT EXISTS `turnos` (
  `id` int(11) NOT NULL AUTO_INCREMENT,
  `turno` enum('M','T','N') DEFAULT NULL,
  `description` varchar(50) DEFAULT NULL,
  `status` enum('Y','N') DEFAULT NULL,
  KEY `Índice 1` (`id`)
) ENGINE=InnoDB AUTO_INCREMENT=3 DEFAULT CHARSET=utf8mb4 COLLATE=utf8mb4_general_ci;

-- Volcando datos para la tabla cvm.turnos: ~2 rows (aproximadamente)
INSERT INTO `turnos` (`id`, `turno`, `description`, `status`) VALUES
	(1, 'M', 'mañana', 'Y'),
	(2, 'T', 'tarde', 'Y');

-- Volcando estructura para tabla cvm.tusuarios_smodulos
CREATE TABLE IF NOT EXISTS `tusuarios_smodulos` (
  `id` int(11) NOT NULL AUTO_INCREMENT,
  `id_tipo_usuario` int(11) DEFAULT NULL,
  `id_sub_modulo` int(11) DEFAULT NULL,
  `access` enum('Y','N') DEFAULT NULL,
  KEY `Índice 1` (`id`)
) ENGINE=InnoDB AUTO_INCREMENT=10 DEFAULT CHARSET=utf8 COLLATE=utf8_unicode_ci;

-- Volcando datos para la tabla cvm.tusuarios_smodulos: ~7 rows (aproximadamente)
INSERT INTO `tusuarios_smodulos` (`id`, `id_tipo_usuario`, `id_sub_modulo`, `access`) VALUES
	(1, 4, 1, 'Y'),
	(2, 4, 2, 'Y'),
	(3, 4, 3, 'Y'),
	(4, 3, 4, 'Y'),
	(5, 2, 1, 'Y'),
	(6, 2, 2, 'Y'),
	(8, 2, 5, 'Y');

-- Volcando estructura para tabla cvm.usuarios
CREATE TABLE IF NOT EXISTS `usuarios` (
  `id` int(11) NOT NULL AUTO_INCREMENT,
  `email` varchar(100) DEFAULT NULL,
  `pass` varchar(100) DEFAULT NULL,
  `estatus` enum('Y','N') DEFAULT NULL,
  `permisos` varchar(100) DEFAULT NULL,
  `id_tipo_usuario` int(11) DEFAULT NULL,
  KEY `Índice 1` (`id`)
) ENGINE=InnoDB AUTO_INCREMENT=52 DEFAULT CHARSET=utf8 COLLATE=utf8_unicode_ci;

-- Volcando datos para la tabla cvm.usuarios: ~51 rows (aproximadamente)
INSERT INTO `usuarios` (`id`, `email`, `pass`, `estatus`, `permisos`, `id_tipo_usuario`) VALUES
	(1, 'angelloprogramador@gmail.com', '3ee171f0b0aabdc0c979f18775213bf7', 'Y', '[R,U,D,I]', 2),
	(2, 'elsecretodeloscielos@gmail.com', '3ee171f0b0aabdc0c979f18775213bf7', 'Y', '[R,U,D]', 3),
	(3, 'joel4e@gmail.com', '3ee171f0b0aabdc0c979f18775213bf7', 'Y', '[R,U,D]', 3),
	(4, 'jondoe@gmail.com', 'a1b04ef4203bd3e4c22489d0c406e685', 'Y', '[R,U]', 3),
	(5, 'jondoe@gmail.com', 'a1b04ef4203bd3e4c22489d0c406e685', 'Y', '[R,U]', 3),
	(6, 'jorge@gmail.com', 'c53ad6d6847259935b676496407377d2', 'Y', '[R,U]', 3),
	(7, 'test@gmail.com', '6074c6aa3488f3c2dddff2a7ca821aab', 'Y', '[R,U]', 3),
	(8, 'test@gmail.com', '6074c6aa3488f3c2dddff2a7ca821aab', 'Y', '[R,U]', 3),
	(9, 'test@gmail.com', '6074c6aa3488f3c2dddff2a7ca821aab', 'Y', '[R,U]', 3),
	(10, 'test@gmail.com', '330fbf8e909dbb1b917abdb2e9adad49', 'Y', '[R,U]', 3),
	(11, 'angelloprogramador1@gmail.com', '6dddf77d3838f3239c8ada4237dc9217', 'Y', '[R,U]', 3),
	(12, 'julian@gmail.com', '88e0b7c1443c78ddf96c5016828aa912', 'Y', '[R,U]', 4),
	(13, 'test@gmail.com', '992e63080ee1e47b99f42b8d64ede953', 'Y', '[R,U]', 3),
	(14, 'angelloprogramador2@gmail.com', '3ee171f0b0aabdc0c979f18775213bf7', 'N', '[R,U]', 4),
	(15, 'angelloprogramador3@gmail.com', '3ee171f0b0aabdc0c979f18775213bf7', 'N', '[R,U]', 4),
	(16, 'joe@gmail.com', '9e39c7b2e4922a07bcecf0a7d615ef7d', 'Y', '[R,U]', 3),
	(17, 'filip@gmail.com', 'b5afd61a87272dc6ef06d5132c526a5b', 'Y', '[R,U]', 3),
	(18, 'stoneage@gmail.com', '3ee171f0b0aabdc0c979f18775213bf7', 'Y', '[R,U]', 3),
	(19, 'angelloprogramador4@gmail.com', '934b535800b1cba8f96a5d72f72f1611', 'Y', '[R,U]', 3),
	(20, 'test@gmail.com', '5b1b68a9abf4d2cd155c81a9225fd158', 'Y', '[R,U]', 3),
	(21, 'angelloprogramador5@gmail.com', '3ee171f0b0aabdc0c979f18775213bf7', 'N', '[R,U]', 4),
	(22, 'angelloprogramador@gmail.com', '2f8f3307f02209ef5db66aec02d6bc05', 'Y', '[R,U]', 3),
	(23, 'angelloprogramador@gmail.com', 'c5fe25896e49ddfe996db7508cf00534', 'Y', '[R,U]', 3),
	(24, 'angelloprogramador@gmail.com', '3ee171f0b0aabdc0c979f18775213bf7', 'N', '[R,U]', 4),
	(25, 'test@gmail.com', '3ee171f0b0aabdc0c979f18775213bf7', 'N', '[R,U]', 4),
	(26, 'angelloprogramador23@gmail.com', 'f4e37a7986a4d838ba675d7b2217152c', 'N', '[R,U]', 4),
	(27, 'test23@gmail.com', 'f4e37a7986a4d838ba675d7b2217152c', 'N', '[R,U]', 4),
	(28, 'test23@gmail.com', 'f4e37a7986a4d838ba675d7b2217152c', 'N', '[R,U]', 4),
	(29, 'test23@gmail.com', 'f4e37a7986a4d838ba675d7b2217152c', 'N', '[R,U]', 4),
	(30, 'test23@gmail.com', 'f4e37a7986a4d838ba675d7b2217152c', 'N', '[R,U]', 4),
	(31, 'test23@gmail.com', 'f4e37a7986a4d838ba675d7b2217152c', 'N', '[R,U]', 4),
	(32, 'test23@gmail.com', 'f4e37a7986a4d838ba675d7b2217152c', 'N', '[R,U]', 4),
	(33, 'test23@gmail.com', 'f4e37a7986a4d838ba675d7b2217152c', 'N', '[R,U]', 4),
	(34, 'test26@gmail.com', '8e296a067a37563370ded05f5a3bf3ec', 'N', '[R,U]', 4),
	(35, 'test26@gmail.com', '8e296a067a37563370ded05f5a3bf3ec', 'N', '[R,U]', 4),
	(36, 'test26@gmail.com', '8e296a067a37563370ded05f5a3bf3ec', 'N', '[R,U]', 4),
	(37, 'test26@gmail.com', '8e296a067a37563370ded05f5a3bf3ec', 'N', '[R,U]', 4),
	(38, 'test26@gmail.com', '8e296a067a37563370ded05f5a3bf3ec', 'N', '[R,U]', 4),
	(39, 'test26@gmail.com', '8e296a067a37563370ded05f5a3bf3ec', 'N', '[R,U]', 4),
	(40, 'test26@gmail.com', '8e296a067a37563370ded05f5a3bf3ec', 'N', '[R,U]', 4),
	(41, 'test26@gmail.com', '8e296a067a37563370ded05f5a3bf3ec', 'N', '[R,U]', 4),
	(42, 'test26@gmail.com', '8e296a067a37563370ded05f5a3bf3ec', 'N', '[R,U]', 4),
	(43, 'test26@gmail.com', '8e296a067a37563370ded05f5a3bf3ec', 'N', '[R,U]', 4),
	(44, 'test26@gmail.com', '8e296a067a37563370ded05f5a3bf3ec', 'N', '[R,U]', 4),
	(45, 'test26@gmail.com', '8e296a067a37563370ded05f5a3bf3ec', 'N', '[R,U]', 4),
	(46, 'test83@gmail.com', '6f4c5d3207471d9dbae6db3c8f7c1909', 'N', '[R,U]', 4),
	(47, 'test83@gmail.com', '6f4c5d3207471d9dbae6db3c8f7c1909', 'N', '[R,U]', 4),
	(48, 'test83@gmail.com', '6f4c5d3207471d9dbae6db3c8f7c1909', 'N', '[R,U]', 4),
	(49, 'test83@gmail.com', '6f4c5d3207471d9dbae6db3c8f7c1909', 'N', '[R,U]', 4),
	(50, 'test83@gmail.com', '6f4c5d3207471d9dbae6db3c8f7c1909', 'N', '[R,U]', 4),
	(51, 'angelloprogramador26@gmail.com', '374861a3ae2c8ee7af19cb03dd32e834', 'N', '[R,U]', 4);

/*!40103 SET TIME_ZONE=IFNULL(@OLD_TIME_ZONE, 'system') */;
/*!40101 SET SQL_MODE=IFNULL(@OLD_SQL_MODE, '') */;
/*!40014 SET FOREIGN_KEY_CHECKS=IFNULL(@OLD_FOREIGN_KEY_CHECKS, 1) */;
/*!40101 SET CHARACTER_SET_CLIENT=@OLD_CHARACTER_SET_CLIENT */;
/*!40111 SET SQL_NOTES=IFNULL(@OLD_SQL_NOTES, 1) */;
